TCGA-THCA	NCIT:C126594	Follicular Variant Thyroid Gland Papillary Carcinoma	pgx:icdom-83403	Papillary carcinoma, follicular variant	pgx:icdot-C73.9	Thyroid gland	Primary Tumor
TCGA-HNSC	NCIT:C129857	Gingival Squamous Cell Carcinoma	pgx:icdom-80703	Squamous cell carcinoma, NOS	pgx:icdot-C03.0	Upper Gum	Primary Tumor
TCGA-HNSC	NCIT:C129857	Gingival Squamous Cell Carcinoma	pgx:icdom-80703	Squamous cell carcinoma, NOS	pgx:icdot-C03.9	Gum, NOS	Primary Tumor
TCGA-LUAD	NCIT:C132256	Unspecified Tissue	pgx:icdom-85073	None	pgx:icdot-C34.1	Upper lobe, lung	Primary Tumor
TCGA-LUAD	NCIT:C132256	Unspecified Tissue	pgx:icdom-85073	None	pgx:icdot-C34.3	Lower lobe, lung	Primary Tumor
TCGA-BRCA	NCIT:C132256	Unspecified Tissue	pgx:icdom-85073	None	pgx:icdot-C50.9	Breast, NOS	Primary Tumor
TCGA-THYM	NCIT:C132256	Unspecified Tissue	pgx:icdom-85211	Ductular carcinoma, borderline malignancy	pgx:icdot-C38.1	Anterior mediastinum	Primary Tumor
TCGA-ESCA	NCIT:C26712	Mucinous Adenocarcinoma	pgx:icdom-84803	Mucinous adenocarcinoma	pgx:icdot-C15.5	Lower third of esophagus	Primary Tumor
TCGA-PAAD	NCIT:C26712	Mucinous Adenocarcinoma	pgx:icdom-84803	Mucinous adenocarcinoma	pgx:icdot-C25.0	Head of pancreas	Primary Tumor
TCGA-LUAD	NCIT:C26712	Mucinous Adenocarcinoma	pgx:icdom-84803	Mucinous adenocarcinoma	pgx:icdot-C34.1	Upper lobe, lung	Primary Tumor
TCGA-LUAD	NCIT:C26712	Mucinous Adenocarcinoma	pgx:icdom-84803	Mucinous adenocarcinoma	pgx:icdot-C34.3	Lower lobe, lung	Primary Tumor
TCGA-BRCA	NCIT:C26712	Mucinous Adenocarcinoma	pgx:icdom-84803	Mucinous adenocarcinoma	pgx:icdot-C50.9	Breast, NOS	Primary Tumor
TCGA-CESC	NCIT:C26712	Mucinous Adenocarcinoma	pgx:icdom-84803	Mucinous adenocarcinoma	pgx:icdot-C53.9	Cervix uteri	Primary Tumor
TCGA-PRAD	NCIT:C26712	Mucinous Adenocarcinoma	pgx:icdom-84803	Mucinous adenocarcinoma	pgx:icdot-C61.9	Prostate gland	Primary Tumor
TCGA-READ	NCIT:C26712	Mucinous Adenocarcinoma	pgx:icdom-84803	Mucinous adenocarcinoma	pgx:icdot-C80.9	Unknown primary site	Primary Tumor
TCGA-SKCM	NCIT:C27007	Spitz Nevus	pgx:icdom-87720	Spindle cell nevus, NOS	pgx:icdot-C34.3	Lower lobe, lung	Metastatic
TCGA-HNSC	NCIT:C27084	Sarcomatoid Squamous Cell Carcinoma	pgx:icdom-80743	Squamous cell carcinoma, spindle cell	pgx:icdot-C01.9	Base of tongue, NOS	Primary Tumor
TCGA-SARC	NCIT:C27096	Undifferentiated (Embryonal) Sarcoma	pgx:icdom-88053	Undifferentiated sarcoma	pgx:icdot-C48.0	Retroperitoneum	Primary Tumor
TCGA-SARC	NCIT:C27096	Undifferentiated (Embryonal) Sarcoma	pgx:icdom-88053	Undifferentiated sarcoma	pgx:icdot-C49.0	Connective, Subcutaneous and other soft tissues of head, face, and neck	Primary Tumor
TCGA-SARC	NCIT:C27096	Undifferentiated (Embryonal) Sarcoma	pgx:icdom-88053	Undifferentiated sarcoma	pgx:icdot-C49.1	Connective, Subcutaneous and other soft tissues of upper limb and shoulder	Primary Tumor
TCGA-SARC	NCIT:C27096	Undifferentiated (Embryonal) Sarcoma	pgx:icdom-88053	Undifferentiated sarcoma	pgx:icdot-C49.2	Connective, Subcutaneous and other soft tissues of lower limb and hip	Primary Tumor
TCGA-SARC	NCIT:C27096	Undifferentiated (Embryonal) Sarcoma	pgx:icdom-88053	Undifferentiated sarcoma	pgx:icdot-C49.3	Connective, Subcutaneous and other soft tissues of thorax	Primary Tumor
TCGA-SARC	NCIT:C27096	Undifferentiated (Embryonal) Sarcoma	pgx:icdom-88053	Undifferentiated sarcoma	pgx:icdot-C49.5	Connective, Subcutaneous and other soft tissues of pelvis	Primary Tumor
TCGA-SARC	NCIT:C27096	Undifferentiated (Embryonal) Sarcoma	pgx:icdom-88053	Undifferentiated sarcoma	pgx:icdot-C49.6	Connective, Subcutaneous and other soft tissues of trunk, NOS	Primary Tumor
TCGA-SARC	NCIT:C27096	Undifferentiated (Embryonal) Sarcoma	pgx:icdom-88053	Undifferentiated sarcoma	pgx:icdot-C49.9	Connective, Subcutaneous and other soft tissues, NOS	Primary Tumor
TCGA-LAML	NCIT:C27753	Acute Myeloid Leukemia Not Otherwise Specified	pgx:icdom-98613	Acute myeloid leukemia, NOS	pgx:icdot-C42.1	Bone marrow	Primary Blood Derived Cancer - Peripheral Blood
TCGA-UCEC	NCIT:C27839	Endometrial Endometrioid Adenocarcinoma, Secretory Variant	pgx:icdom-83823	Endometrioid adenocarcinoma, secretory variant	pgx:icdot-C54.1	Endometrium	Primary Tumor
TCGA-READ	NCIT:C2852	Adenocarcinoma	pgx:icdom-81403	Adenocarcinoma, NOS	pgx:icdot-C49.4	Connective, Subcutaneous and other soft tissues of abdomen	Primary Tumor
TCGA-BRCA	NCIT:C2852	Adenocarcinoma	pgx:icdom-84013	Apocrine adenocarcinoma	pgx:icdot-C50.9	Breast, NOS	Primary Tumor
TCGA-COAD	NCIT:C2853	Papillary Adenocarcinoma	pgx:icdom-82603	Papillary adenocarcinoma, NOS	pgx:icdot-C18.2	Ascending colon	Primary Tumor
TCGA-COAD	NCIT:C2853	Papillary Adenocarcinoma	pgx:icdom-82603	Papillary adenocarcinoma, NOS	pgx:icdot-C18.7	Sigmoid colon	Primary Tumor
TCGA-LUAD	NCIT:C2853	Papillary Adenocarcinoma	pgx:icdom-82603	Papillary adenocarcinoma, NOS	pgx:icdot-C34.1	Upper lobe, lung	Primary Tumor
TCGA-LUAD	NCIT:C2853	Papillary Adenocarcinoma	pgx:icdom-82603	Papillary adenocarcinoma, NOS	pgx:icdot-C34.2	Middle lobe, lung	Primary Tumor
TCGA-LUAD	NCIT:C2853	Papillary Adenocarcinoma	pgx:icdom-82603	Papillary adenocarcinoma, NOS	pgx:icdot-C34.3	Lower lobe, lung	Primary Tumor
TCGA-LUAD	NCIT:C2853	Papillary Adenocarcinoma	pgx:icdom-82603	Papillary adenocarcinoma, NOS	pgx:icdot-C34.8	Overlapping lesion of lung	Primary Tumor
TCGA-BLCA	NCIT:C2853	Papillary Adenocarcinoma	pgx:icdom-82603	Papillary adenocarcinoma, NOS	pgx:icdot-C67.1	Dome of bladder	Primary Tumor
TCGA-PRAD	NCIT:C2919	Prostate Adenocarcinoma	pgx:icdom-81403	Adenocarcinoma, NOS	pgx:icdot-C61.9	Prostate gland	Metastatic
TCGA-BRCA	NCIT:C2921	Skin Basal Cell Carcinoma	pgx:icdom-80903	Basal cell carcinoma, NOS	pgx:icdot-C50.9	Breast, NOS	Primary Tumor
TCGA-UCS	NCIT:C2921	Skin Basal Cell Carcinoma	pgx:icdom-80903	Basal cell carcinoma, NOS	pgx:icdot-C54.9	Corpus uteri	Primary Tumor
TCGA-LUAD	NCIT:C2923	Bronchioloalveolar Carcinoma	pgx:icdom-82503	Bronchiolo-alveolar adenocarcinoma, NOS	pgx:icdot-C34.1	Upper lobe, lung	Primary Tumor
TCGA-LUAD	NCIT:C2923	Bronchioloalveolar Carcinoma	pgx:icdom-82503	Bronchiolo-alveolar adenocarcinoma, NOS	pgx:icdot-C34.3	Lower lobe, lung	Primary Tumor
TCGA-BRCA	NCIT:C2927	Papillary Carcinoma	pgx:icdom-80503	Papillary carcinoma, NOS	pgx:icdot-C50.9	Breast, NOS	Primary Tumor
TCGA-THCA	NCIT:C2927	Papillary Carcinoma	pgx:icdom-80503	Papillary carcinoma, NOS	pgx:icdot-C73.9	Thyroid gland	Primary Tumor
TCGA-HNSC	NCIT:C2929	Squamous Cell Carcinoma	pgx:icdom-80703	Squamous cell carcinoma, NOS	pgx:icdot-C00.9	Lip, NOS	Primary Tumor
TCGA-HNSC	NCIT:C2929	Squamous Cell Carcinoma	pgx:icdom-80703	Squamous cell carcinoma, NOS	pgx:icdot-C09.9	Tonsil, NOS	Metastatic
TCGA-HNSC	NCIT:C2929	Squamous Cell Carcinoma	pgx:icdom-80703	Squamous cell carcinoma, NOS	pgx:icdot-C13.9	Hypopharynx, NOS	Primary Tumor
TCGA-HNSC	NCIT:C2929	Squamous Cell Carcinoma	pgx:icdom-80703	Squamous cell carcinoma, NOS	pgx:icdot-C14.8	Overlapping lesion of lip, oral cavity and pharynx	Primary Tumor
TCGA-ESCA	NCIT:C2929	Squamous Cell Carcinoma	pgx:icdom-80703	Squamous cell carcinoma, NOS	pgx:icdot-C16.0	Cardia, NOS	Primary Tumor
TCGA-HNSC	NCIT:C2929	Squamous Cell Carcinoma	pgx:icdom-80703	Squamous cell carcinoma, NOS	pgx:icdot-C32.1	Supraglottis	Primary Tumor
TCGA-HNSC	NCIT:C2929	Squamous Cell Carcinoma	pgx:icdom-80703	Squamous cell carcinoma, NOS	pgx:icdot-C41.1	Mandible	Primary Tumor
TCGA-CESC	NCIT:C2929	Squamous Cell Carcinoma	pgx:icdom-80703	Squamous cell carcinoma, NOS	pgx:icdot-C56.9	Ovary	Metastatic
TCGA-BRCA	NCIT:C2970	Adenoid Cystic Carcinoma	pgx:icdom-82003	Adenoid cystic carcinoma	pgx:icdot-C50.9	Breast, NOS	Primary Tumor
TCGA-TGCT	NCIT:C3011	Yolk Sac Tumor	pgx:icdom-90713	Yolk sac tumor	pgx:icdot-C62.9	Testis, NOS	Primary Tumor
TCGA-GBM	NCIT:C3058	Glioblastoma	pgx:icdom-94403	Glioblastoma	pgx:icdot-C71.1	Frontal lobe	Primary Tumor
TCGA-GBM	NCIT:C3058	Glioblastoma	pgx:icdom-94403	Glioblastoma	pgx:icdot-C71.2	Temporal lobe	Primary Tumor
TCGA-GBM	NCIT:C3058	Glioblastoma	pgx:icdom-94403	Glioblastoma	pgx:icdot-C71.4	Occipital lobe	Primary Tumor
TCGA-GBM	NCIT:C3058	Glioblastoma	pgx:icdom-94403	Glioblastoma	pgx:icdot-C71.8	Overlapping lesion of brain	Primary Tumor
TCGA-GBM	NCIT:C3058	Glioblastoma	pgx:icdom-94403	Glioblastoma	pgx:icdot-C71.9	Brain, NOS	Primary Tumor
TCGA-LIHC	NCIT:C3099	Hepatocellular Carcinoma	pgx:icdom-81703	Hepatocellular carcinoma, NOS	pgx:icdot-C22.0	Liver	Primary Tumor
TCGA-LIHC	NCIT:C3099	Hepatocellular Carcinoma	pgx:icdom-81733	Hepatocellular carcinoma, spindle cell variant	pgx:icdot-C22.0	Liver	Primary Tumor
TCGA-LIHC	NCIT:C3099	Hepatocellular Carcinoma	pgx:icdom-81743	Hepatocellular carcinoma, clear cell type	pgx:icdot-C22.0	Liver	Primary Tumor
TCGA-SARC	NCIT:C3158	Leiomyosarcoma	pgx:icdom-88903	Leiomyosarcoma, NOS	pgx:icdot-C02.9	Tongue, NOS	Primary Tumor
TCGA-SARC	NCIT:C3158	Leiomyosarcoma	pgx:icdom-88903	Leiomyosarcoma, NOS	pgx:icdot-C16.9	Stomach, NOS	Primary Tumor
TCGA-SARC	NCIT:C3158	Leiomyosarcoma	pgx:icdom-88903	Leiomyosarcoma, NOS	pgx:icdot-C40.2	Long bones of lower limb and associated joints	Primary Tumor
TCGA-SARC	NCIT:C3158	Leiomyosarcoma	pgx:icdom-88903	Leiomyosarcoma, NOS	pgx:icdot-C40.3	Short bones of lower limb and associated joints	Primary Tumor
TCGA-SARC	NCIT:C3158	Leiomyosarcoma	pgx:icdom-88903	Leiomyosarcoma, NOS	pgx:icdot-C48.0	Retroperitoneum	Primary Tumor
TCGA-SARC	NCIT:C3158	Leiomyosarcoma	pgx:icdom-88903	Leiomyosarcoma, NOS	pgx:icdot-C49.1	Connective, Subcutaneous and other soft tissues of upper limb and shoulder	Primary Tumor
TCGA-SARC	NCIT:C3158	Leiomyosarcoma	pgx:icdom-88903	Leiomyosarcoma, NOS	pgx:icdot-C49.2	Connective, Subcutaneous and other soft tissues of lower limb and hip	Primary Tumor
TCGA-SARC	NCIT:C3158	Leiomyosarcoma	pgx:icdom-88903	Leiomyosarcoma, NOS	pgx:icdot-C49.3	Connective, Subcutaneous and other soft tissues of thorax	Primary Tumor
TCGA-SARC	NCIT:C3158	Leiomyosarcoma	pgx:icdom-88903	Leiomyosarcoma, NOS	pgx:icdot-C49.4	Connective, Subcutaneous and other soft tissues of abdomen	Primary Tumor
TCGA-SARC	NCIT:C3158	Leiomyosarcoma	pgx:icdom-88903	Leiomyosarcoma, NOS	pgx:icdot-C49.5	Connective, Subcutaneous and other soft tissues of pelvis	Primary Tumor
TCGA-SARC	NCIT:C3158	Leiomyosarcoma	pgx:icdom-88903	Leiomyosarcoma, NOS	pgx:icdot-C49.6	Connective, Subcutaneous and other soft tissues of trunk, NOS	Primary Tumor
TCGA-SARC	NCIT:C3158	Leiomyosarcoma	pgx:icdom-88903	Leiomyosarcoma, NOS	pgx:icdot-C49.8	Overlapping lesion of connective, subcutaneous and other soft tissues	Primary Tumor
TCGA-SARC	NCIT:C3158	Leiomyosarcoma	pgx:icdom-88903	Leiomyosarcoma, NOS	pgx:icdot-C49.9	Connective, Subcutaneous and other soft tissues, NOS	Primary Tumor
TCGA-SARC	NCIT:C3194	Liposarcoma	pgx:icdom-88503	Liposarcoma, NOS	pgx:icdot-C49.9	Connective, Subcutaneous and other soft tissues, NOS	Primary Tumor
TCGA-SKCM	NCIT:C3224	Melanoma	pgx:icdom-87203	Malignant melanoma, NOS	pgx:icdot-C22.0	Liver	Metastatic
TCGA-LGG	NCIT:C3288	Oligodendroglioma	pgx:icdom-94503	Oligodendroglioma, NOS	pgx:icdot-C71.0	Cerebrum	Primary Tumor
TCGA-LGG	NCIT:C3288	Oligodendroglioma	pgx:icdom-94503	Oligodendroglioma, NOS	pgx:icdot-C71.2	Temporal lobe	Primary Tumor
TCGA-LGG	NCIT:C3288	Oligodendroglioma	pgx:icdom-94503	Oligodendroglioma, NOS	pgx:icdot-C71.9	Brain, NOS	Primary Tumor
TCGA-PCPG	NCIT:C3308	Paraganglioma	pgx:icdom-86801	Paraganglioma, NOS	pgx:icdot-C48.0	Retroperitoneum	Primary Tumor
TCGA-PCPG	NCIT:C3308	Paraganglioma	pgx:icdom-86801	Paraganglioma, NOS	pgx:icdot-C49.3	Connective, Subcutaneous and other soft tissues of thorax	Primary Tumor
TCGA-PCPG	NCIT:C3308	Paraganglioma	pgx:icdom-86801	Paraganglioma, NOS	pgx:icdot-C49.4	Connective, Subcutaneous and other soft tissues of abdomen	Primary Tumor
TCGA-PCPG	NCIT:C3309	Extra-Adrenal Paraganglioma	pgx:icdom-86931	Extra-adrenal paraganglioma, NOS	pgx:icdot-C38.0	Heart	Primary Tumor
TCGA-PCPG	NCIT:C3309	Extra-Adrenal Paraganglioma	pgx:icdom-86931	Extra-adrenal paraganglioma, NOS	pgx:icdot-C48.0	Retroperitoneum	Primary Tumor
TCGA-PCPG	NCIT:C3309	Extra-Adrenal Paraganglioma	pgx:icdom-86931	Extra-adrenal paraganglioma, NOS	pgx:icdot-C49.3	Connective, Subcutaneous and other soft tissues of thorax	Primary Tumor
TCGA-PCPG	NCIT:C3309	Extra-Adrenal Paraganglioma	pgx:icdom-86931	Extra-adrenal paraganglioma, NOS	pgx:icdot-C49.4	Connective, Subcutaneous and other soft tissues of abdomen	Primary Tumor
TCGA-PCPG	NCIT:C3309	Extra-Adrenal Paraganglioma	pgx:icdom-86931	Extra-adrenal paraganglioma, NOS	pgx:icdot-C49.5	Connective, Subcutaneous and other soft tissues of pelvis	Primary Tumor
TCGA-PCPG	NCIT:C3309	Extra-Adrenal Paraganglioma	pgx:icdom-86931	Extra-adrenal paraganglioma, NOS	pgx:icdot-C49.6	Connective, Subcutaneous and other soft tissues of trunk, NOS	Primary Tumor
TCGA-PCPG	NCIT:C3309	Extra-Adrenal Paraganglioma	pgx:icdom-86931	Extra-adrenal paraganglioma, NOS	pgx:icdot-C76.1	Thorax, NOS	Primary Tumor
TCGA-PCPG	NCIT:C3326	Adrenal Gland Pheochromocytoma	pgx:icdom-87000	Pheochromocytoma, NOS	pgx:icdot-C48.0	Retroperitoneum	Primary Tumor
TCGA-PCPG	NCIT:C3326	Adrenal Gland Pheochromocytoma	pgx:icdom-87000	Pheochromocytoma, NOS	pgx:icdot-C74.0	Cortex of adrenal gland	Primary Tumor
TCGA-PCPG	NCIT:C3326	Adrenal Gland Pheochromocytoma	pgx:icdom-87000	Pheochromocytoma, NOS	pgx:icdot-C74.1	Medulla of adrenal gland	Primary Tumor
TCGA-PCPG	NCIT:C3326	Adrenal Gland Pheochromocytoma	pgx:icdom-87000	Pheochromocytoma, NOS	pgx:icdot-C74.9	Adrenal gland, NOS	Additional - New Primary
TCGA-SARC	NCIT:C3400	Synovial Sarcoma	pgx:icdom-90403	Synovial sarcoma, NOS	pgx:icdot-C49.1	Connective, Subcutaneous and other soft tissues of upper limb and shoulder	Primary Tumor
TCGA-SARC	NCIT:C3400	Synovial Sarcoma	pgx:icdom-90403	Synovial sarcoma, NOS	pgx:icdot-C49.3	Connective, Subcutaneous and other soft tissues of thorax	Primary Tumor
TCGA-LUSC	NCIT:C3493	Squamous Cell Lung Carcinoma	pgx:icdom-80703	Squamous cell carcinoma, NOS	pgx:icdot-C34.0	Main bronchus	Primary Tumor
TCGA-LUSC	NCIT:C3493	Squamous Cell Lung Carcinoma	pgx:icdom-80703	Squamous cell carcinoma, NOS	pgx:icdot-C34.1	Upper lobe, lung	Primary Tumor
TCGA-LUSC	NCIT:C3493	Squamous Cell Lung Carcinoma	pgx:icdom-80703	Squamous cell carcinoma, NOS	pgx:icdot-C34.2	Middle lobe, lung	Primary Tumor
TCGA-LUSC	NCIT:C3493	Squamous Cell Lung Carcinoma	pgx:icdom-80703	Squamous cell carcinoma, NOS	pgx:icdot-C34.3	Lower lobe, lung	Primary Tumor
TCGA-LUSC	NCIT:C3493	Squamous Cell Lung Carcinoma	pgx:icdom-80703	Squamous cell carcinoma, NOS	pgx:icdot-C34.8	Overlapping lesion of lung	Primary Tumor
TCGA-LUSC	NCIT:C3493	Squamous Cell Lung Carcinoma	pgx:icdom-80703	Squamous cell carcinoma, NOS	pgx:icdot-C34.9	Lung, NOS	Primary Tumor
TCGA-SKCM	NCIT:C3510	Cutaneous Melanoma	pgx:icdom-87203	Malignant melanoma, NOS	pgx:icdot-C44.4	Skin of scalp and neck	Metastatic
TCGA-SKCM	NCIT:C3510	Cutaneous Melanoma	pgx:icdom-87203	Malignant melanoma, NOS	pgx:icdot-C44.5	Skin of trunk	Metastatic
TCGA-SKCM	NCIT:C3510	Cutaneous Melanoma	pgx:icdom-87203	Malignant melanoma, NOS	pgx:icdot-C44.6	Skin of upper limb and shoulder	Metastatic
TCGA-SKCM	NCIT:C3510	Cutaneous Melanoma	pgx:icdom-87203	Malignant melanoma, NOS	pgx:icdot-C44.7	Skin of lower limb and hip	Metastatic
TCGA-SKCM	NCIT:C3510	Cutaneous Melanoma	pgx:icdom-87203	Malignant melanoma, NOS	pgx:icdot-C44.9	Skin, NOS	Metastatic
TCGA-LUAD	NCIT:C3512	Lung Adenocarcinoma	pgx:icdom-81403	Adenocarcinoma, NOS	pgx:icdot-C34.0	Main bronchus	Primary Tumor
TCGA-LUAD	NCIT:C3512	Lung Adenocarcinoma	pgx:icdom-81403	Adenocarcinoma, NOS	pgx:icdot-C34.1	Upper lobe, lung	Primary Tumor
TCGA-LUAD	NCIT:C3512	Lung Adenocarcinoma	pgx:icdom-81403	Adenocarcinoma, NOS	pgx:icdot-C34.2	Middle lobe, lung	Primary Tumor
TCGA-LUAD	NCIT:C3512	Lung Adenocarcinoma	pgx:icdom-81403	Adenocarcinoma, NOS	pgx:icdot-C34.3	Lower lobe, lung	Primary Tumor
TCGA-LUAD	NCIT:C3512	Lung Adenocarcinoma	pgx:icdom-81403	Adenocarcinoma, NOS	pgx:icdot-C34.9	Lung, NOS	Primary Tumor
TCGA-CHOL	NCIT:C35417	Intrahepatic Cholangiocarcinoma	pgx:icdom-81603	Cholangiocarcinoma	pgx:icdot-C22.1	intrahepatic bile duct	Primary Tumor
TCGA-THCA	NCIT:C35830	Columnar Cell Variant Thyroid Gland Papillary Carcinoma	pgx:icdom-83443	Papillary carcinoma, columnar cell	pgx:icdot-C73.9	Thyroid gland	Primary Tumor
TCGA-THCA	NCIT:C3679	Oxyphilic Adenocarcinoma	pgx:icdom-82903	Oxyphilic adenocarcinoma	pgx:icdot-C73.9	Thyroid gland	Primary Tumor
TCGA-PAAD	NCIT:C3692	Undifferentiated Carcinoma	pgx:icdom-80203	Carcinoma, undifferentiated, NOS	pgx:icdot-C25.0	Head of pancreas	Primary Tumor
TCGA-UCEC	NCIT:C3692	Undifferentiated Carcinoma	pgx:icdom-80203	Carcinoma, undifferentiated, NOS	pgx:icdot-C54.1	Endometrium	Primary Tumor
TCGA-SARC	NCIT:C3701	Myxoid Leiomyosarcoma	pgx:icdom-88963	Myxoid leiomyosarcoma	pgx:icdot-C48.0	Retroperitoneum	Primary Tumor
TCGA-SARC	NCIT:C3701	Myxoid Leiomyosarcoma	pgx:icdom-88963	Myxoid leiomyosarcoma	pgx:icdot-C54.0	Isthmus uteri	Primary Tumor
TCGA-SARC	NCIT:C3701	Myxoid Leiomyosarcoma	pgx:icdom-88963	Myxoid leiomyosarcoma	pgx:icdot-C55.9	Uterus, NOS	Primary Tumor
TCGA-SARC	NCIT:C3704	Dedifferentiated Liposarcoma	pgx:icdom-88583	Dedifferentiated liposarcoma	pgx:icdot-C16.9	Stomach, NOS	Primary Tumor
TCGA-SARC	NCIT:C3704	Dedifferentiated Liposarcoma	pgx:icdom-88583	Dedifferentiated liposarcoma	pgx:icdot-C18.6	Descending colon	Primary Tumor
TCGA-SARC	NCIT:C3704	Dedifferentiated Liposarcoma	pgx:icdom-88583	Dedifferentiated liposarcoma	pgx:icdot-C48.0	Retroperitoneum	Primary Tumor
TCGA-SARC	NCIT:C3704	Dedifferentiated Liposarcoma	pgx:icdom-88583	Dedifferentiated liposarcoma	pgx:icdot-C48.1	Specified parts of peritoneum	Primary Tumor
TCGA-SARC	NCIT:C3704	Dedifferentiated Liposarcoma	pgx:icdom-88583	Dedifferentiated liposarcoma	pgx:icdot-C49.1	Connective, Subcutaneous and other soft tissues of upper limb and shoulder	Primary Tumor
TCGA-SARC	NCIT:C3704	Dedifferentiated Liposarcoma	pgx:icdom-88583	Dedifferentiated liposarcoma	pgx:icdot-C49.2	Connective, Subcutaneous and other soft tissues of lower limb and hip	Primary Tumor
TCGA-SARC	NCIT:C3704	Dedifferentiated Liposarcoma	pgx:icdom-88583	Dedifferentiated liposarcoma	pgx:icdot-C49.3	Connective, Subcutaneous and other soft tissues of thorax	Primary Tumor
TCGA-SARC	NCIT:C3704	Dedifferentiated Liposarcoma	pgx:icdom-88583	Dedifferentiated liposarcoma	pgx:icdot-C49.5	Connective, Subcutaneous and other soft tissues of pelvis	Primary Tumor
TCGA-SARC	NCIT:C3704	Dedifferentiated Liposarcoma	pgx:icdom-88583	Dedifferentiated liposarcoma	pgx:icdot-C63.1	Spermatic cord	Primary Tumor
TCGA-SARC	NCIT:C3705	Pleomorphic Liposarcoma	pgx:icdom-88543	Pleomorphic liposarcoma	pgx:icdot-C49.0	Connective, Subcutaneous and other soft tissues of head, face, and neck	Primary Tumor
TCGA-SARC	NCIT:C3705	Pleomorphic Liposarcoma	pgx:icdom-88543	Pleomorphic liposarcoma	pgx:icdot-C49.2	Connective, Subcutaneous and other soft tissues of lower limb and hip	Primary Tumor
TCGA-COAD	NCIT:C3727	Adenosquamous Carcinoma	pgx:icdom-85603	Adenosquamous carcinoma	pgx:icdot-C18.2	Ascending colon	Primary Tumor
TCGA-UCS	NCIT:C3730	Mixed Mesodermal (Mullerian) Tumor	pgx:icdom-89503	Mullerian mixed tumor	pgx:icdot-C54.1	Endometrium	Primary Tumor
TCGA-UCS	NCIT:C3730	Mixed Mesodermal (Mullerian) Tumor	pgx:icdom-89503	Mullerian mixed tumor	pgx:icdot-C54.2	Myometrium	Primary Tumor
TCGA-UCS	NCIT:C3730	Mixed Mesodermal (Mullerian) Tumor	pgx:icdom-89503	Mullerian mixed tumor	pgx:icdot-C54.3	Fundus uteri	Primary Tumor
TCGA-UCS	NCIT:C3730	Mixed Mesodermal (Mullerian) Tumor	pgx:icdom-89503	Mullerian mixed tumor	pgx:icdot-C54.9	Corpus uteri	Primary Tumor
TCGA-UCS	NCIT:C3730	Mixed Mesodermal (Mullerian) Tumor	pgx:icdom-89503	Mullerian mixed tumor	pgx:icdot-C55.9	Uterus, NOS	Primary Tumor
TCGA-UCS	NCIT:C3730	Mixed Mesodermal (Mullerian) Tumor	pgx:icdom-89513	Mesodermal mixed tumor	pgx:icdot-C55.9	Uterus, NOS	Primary Tumor
TCGA-SARC	NCIT:C3741	Abdominal (Mesenteric) Fibromatosis	pgx:icdom-88221	Abdominal fibromatosis	pgx:icdot-C48.0	Retroperitoneum	Primary Tumor
TCGA-TGCT	NCIT:C3752	Embryonal Carcinoma	pgx:icdom-90703	Embryonal carcinoma, NOS	pgx:icdot-C62.9	Testis, NOS	Additional - New Primary
TCGA-TGCT	NCIT:C3756	Mixed Embryonal Carcinoma and Teratoma	pgx:icdom-90813	Teratocarcinoma	pgx:icdot-C62.9	Testis, NOS	Primary Tumor
TCGA-LIHC	NCIT:C3766	Clear Cell Adenocarcinoma	pgx:icdom-83103	Clear cell adenocarcinoma, NOS	pgx:icdot-C22.0	Liver	Primary Tumor
TCGA-LUAD	NCIT:C3766	Clear Cell Adenocarcinoma	pgx:icdom-83103	Clear cell adenocarcinoma, NOS	pgx:icdot-C34.1	Upper lobe, lung	Primary Tumor
TCGA-LUAD	NCIT:C3766	Clear Cell Adenocarcinoma	pgx:icdom-83103	Clear cell adenocarcinoma, NOS	pgx:icdot-C34.3	Lower lobe, lung	Primary Tumor
TCGA-UCEC	NCIT:C3766	Clear Cell Adenocarcinoma	pgx:icdom-83103	Clear cell adenocarcinoma, NOS	pgx:icdot-C54.1	Endometrium	Primary Tumor
TCGA-CESC	NCIT:C3769	Endometrioid Adenocarcinoma	pgx:icdom-83803	Endometrioid adenocarcinoma, NOS	pgx:icdot-C53.0	Endocervix	Primary Tumor
TCGA-CESC	NCIT:C3769	Endometrioid Adenocarcinoma	pgx:icdom-83803	Endometrioid adenocarcinoma, NOS	pgx:icdot-C53.9	Cervix uteri	Primary Tumor
TCGA-PAAD	NCIT:C3770	Pancreatic Neuroendocrine Tumor	pgx:icdom-82463	Neuroendocrine carcinoma, NOS	pgx:icdot-C25.0	Head of pancreas	Primary Tumor
TCGA-PAAD	NCIT:C3770	Pancreatic Neuroendocrine Tumor	pgx:icdom-82463	Neuroendocrine carcinoma, NOS	pgx:icdot-C25.1	Body of pancreas	Primary Tumor
TCGA-PAAD	NCIT:C3770	Pancreatic Neuroendocrine Tumor	pgx:icdom-82463	Neuroendocrine carcinoma, NOS	pgx:icdot-C25.2	Tail of pancreas	Primary Tumor
TCGA-BRCA	NCIT:C3771	Lobular Breast Carcinoma	pgx:icdom-85203	Lobular carcinoma, NOS	pgx:icdot-C50.9	Breast, NOS	Metastatic
TCGA-STAD	NCIT:C3774	Signet Ring Cell Carcinoma	pgx:icdom-84903	Signet ring cell carcinoma	pgx:icdot-C16.0	Cardia, NOS	Primary Tumor
TCGA-STAD	NCIT:C3774	Signet Ring Cell Carcinoma	pgx:icdom-84903	Signet ring cell carcinoma	pgx:icdot-C16.2	Body of stomach	Primary Tumor
TCGA-STAD	NCIT:C3774	Signet Ring Cell Carcinoma	pgx:icdom-84903	Signet ring cell carcinoma	pgx:icdot-C16.3	Gastric antrum	Primary Tumor
TCGA-LUAD	NCIT:C3774	Signet Ring Cell Carcinoma	pgx:icdom-84903	Signet ring cell carcinoma	pgx:icdot-C34.1	Upper lobe, lung	Primary Tumor
TCGA-PRAD	NCIT:C3774	Signet Ring Cell Carcinoma	pgx:icdom-84903	Signet ring cell carcinoma	pgx:icdot-C61.9	Prostate gland	Primary Tumor
TCGA-OV	NCIT:C3778	Serous Cystadenocarcinoma	pgx:icdom-84413	Serous cystadenocarcinoma, NOS	pgx:icdot-C48.0	Retroperitoneum	Primary Tumor
TCGA-OV	NCIT:C3778	Serous Cystadenocarcinoma	pgx:icdom-84413	Serous cystadenocarcinoma, NOS	pgx:icdot-C48.1	Specified parts of peritoneum	Primary Tumor
TCGA-OV	NCIT:C3778	Serous Cystadenocarcinoma	pgx:icdom-84413	Serous cystadenocarcinoma, NOS	pgx:icdot-C48.2	Peritoneum, NOS	Primary Tumor
TCGA-UCEC	NCIT:C3778	Serous Cystadenocarcinoma	pgx:icdom-84413	Serous cystadenocarcinoma, NOS	pgx:icdot-C54.1	Endometrium	Primary Tumor
TCGA-UCEC	NCIT:C3778	Serous Cystadenocarcinoma	pgx:icdom-84413	Serous cystadenocarcinoma, NOS	pgx:icdot-C54.3	Fundus uteri	Primary Tumor
TCGA-SARC	NCIT:C3798	Malignant Peripheral Nerve Sheath Tumor	pgx:icdom-95403	Malignant peripheral nerve sheath tumor	pgx:icdot-C47.1	Peripheral nerves and autonomic nervous system of upper limb and shoulder	Primary Tumor
TCGA-SARC	NCIT:C3798	Malignant Peripheral Nerve Sheath Tumor	pgx:icdom-95403	Malignant peripheral nerve sheath tumor	pgx:icdot-C48.0	Retroperitoneum	Primary Tumor
TCGA-SARC	NCIT:C3798	Malignant Peripheral Nerve Sheath Tumor	pgx:icdom-95403	Malignant peripheral nerve sheath tumor	pgx:icdot-C49.0	Connective, Subcutaneous and other soft tissues of head, face, and neck	Primary Tumor
TCGA-SARC	NCIT:C3798	Malignant Peripheral Nerve Sheath Tumor	pgx:icdom-95403	Malignant peripheral nerve sheath tumor	pgx:icdot-C49.2	Connective, Subcutaneous and other soft tissues of lower limb and hip	Metastatic
TCGA-SARC	NCIT:C3798	Malignant Peripheral Nerve Sheath Tumor	pgx:icdom-95403	Malignant peripheral nerve sheath tumor	pgx:icdot-C49.3	Connective, Subcutaneous and other soft tissues of thorax	Primary Tumor
TCGA-SARC	NCIT:C3798	Malignant Peripheral Nerve Sheath Tumor	pgx:icdom-95403	Malignant peripheral nerve sheath tumor	pgx:icdot-C49.6	Connective, Subcutaneous and other soft tissues of trunk, NOS	Primary Tumor
TCGA-SARC	NCIT:C3798	Malignant Peripheral Nerve Sheath Tumor	pgx:icdom-95403	Malignant peripheral nerve sheath tumor	pgx:icdot-C70.1	Spinal meninges	Primary Tumor
TCGA-SKCM	NCIT:C3802	Amelanotic melanoma	pgx:icdom-87303	Amelanotic melanoma	pgx:icdot-C44.5	Skin of trunk	Primary Tumor
TCGA-SKCM	NCIT:C3802	Amelanotic melanoma	pgx:icdom-87303	Amelanotic melanoma	pgx:icdot-C44.7	Skin of lower limb and hip	Primary Tumor
TCGA-SKCM	NCIT:C3802	Amelanotic Melanoma	pgx:icdom-87303	Amelanotic melanoma	pgx:icdot-C49.2	Connective, Subcutaneous and other soft tissues of lower limb and hip	Metastatic
TCGA-SKCM	NCIT:C3802	Amelanotic Melanoma	pgx:icdom-87303	Amelanotic melanoma	pgx:icdot-C77.3	Lymph nodes of axilla or arm	Metastatic
TCGA-LIHC	NCIT:C3828	Combined Hepatocellular Carcinoma and Cholangiocarcinoma	pgx:icdom-81803	Combined hepatocellular carcinoma and cholangiocarcinoma	pgx:icdot-C22.0	Liver	Primary Tumor
TCGA-LGG	NCIT:C3903	Mixed Glioma	pgx:icdom-93823	Mixed glioma	pgx:icdot-C71.0	Cerebrum	Primary Tumor
TCGA-LGG	NCIT:C3903	Mixed Glioma	pgx:icdom-93823	Mixed glioma	pgx:icdot-C71.1	Frontal lobe	Primary Tumor
TCGA-LGG	NCIT:C3903	Mixed Glioma	pgx:icdom-93823	Mixed glioma	pgx:icdot-C71.2	Temporal lobe	Primary Tumor
TCGA-LGG	NCIT:C3903	Mixed Glioma	pgx:icdom-93823	Mixed glioma	pgx:icdot-C71.3	Parietal lobe	Primary Tumor
TCGA-LGG	NCIT:C3903	Mixed Glioma	pgx:icdom-93823	Mixed glioma	pgx:icdot-C71.9	Brain, NOS	Primary Tumor
TCGA-BLCA	NCIT:C39851	Bladder Urothelial Carcinoma	pgx:icdom-81203	Transitional cell carcinoma, NOS	pgx:icdot-C67.0	Urinary bladder	Primary Tumor
TCGA-BLCA	NCIT:C39851	Bladder Urothelial Carcinoma	pgx:icdom-81203	Transitional cell carcinoma, NOS	pgx:icdot-C67.1	Dome of bladder	Primary Tumor
TCGA-BLCA	NCIT:C39851	Bladder Urothelial Carcinoma	pgx:icdom-81203	Transitional cell carcinoma, NOS	pgx:icdot-C67.2	Lateral wall of bladder	Primary Tumor
TCGA-BLCA	NCIT:C39851	Bladder Urothelial Carcinoma	pgx:icdom-81203	Transitional cell carcinoma, NOS	pgx:icdot-C67.3	Anterior wall of bladder	Primary Tumor
TCGA-BLCA	NCIT:C39851	Bladder Urothelial Carcinoma	pgx:icdom-81203	Transitional cell carcinoma, NOS	pgx:icdot-C67.4	Posterior wall of bladder	Primary Tumor
TCGA-BLCA	NCIT:C39851	Bladder Urothelial Carcinoma	pgx:icdom-81203	Transitional cell carcinoma, NOS	pgx:icdot-C67.5	Bladder neck	Primary Tumor
TCGA-BLCA	NCIT:C39851	Bladder Urothelial Carcinoma	pgx:icdom-81203	Transitional cell carcinoma, NOS	pgx:icdot-C67.9	Bladder, NOS	Metastatic
TCGA-STAD	NCIT:C4004	Gastric Adenocarcinoma	pgx:icdom-81403	Adenocarcinoma, NOS	pgx:icdot-C16.0	Cardia, NOS	Primary Tumor
TCGA-STAD	NCIT:C4004	Gastric Adenocarcinoma	pgx:icdom-81403	Adenocarcinoma, NOS	pgx:icdot-C16.1	Fundus of stomach	Primary Tumor
TCGA-STAD	NCIT:C4004	Gastric Adenocarcinoma	pgx:icdom-81403	Adenocarcinoma, NOS	pgx:icdot-C16.2	Body of stomach	Primary Tumor
TCGA-STAD	NCIT:C4004	Gastric Adenocarcinoma	pgx:icdom-81403	Adenocarcinoma, NOS	pgx:icdot-C16.3	Gastric antrum	Primary Tumor
TCGA-STAD	NCIT:C4004	Gastric Adenocarcinoma	pgx:icdom-81403	Adenocarcinoma, NOS	pgx:icdot-C16.5	Lesser curvature of stomach, NOS	Primary Tumor
TCGA-STAD	NCIT:C4004	Gastric Adenocarcinoma	pgx:icdom-81403	Adenocarcinoma, NOS	pgx:icdot-C16.9	Stomach, NOS	Primary Tumor
TCGA-STAD	NCIT:C4004	Gastric Adenocarcinoma	pgx:icdom-82553	Adenocarcinoma with mixed subtypes	pgx:icdot-C16.3	Gastric antrum	Primary Tumor
TCGA-STAD	NCIT:C4004	Gastric Adenocarcinoma	pgx:icdom-82553	Adenocarcinoma with mixed subtypes	pgx:icdot-C16.9	Stomach, NOS	Primary Tumor
TCGA-STAD	NCIT:C4004	Gastric Adenocarcinoma	pgx:icdom-82603	Papillary adenocarcinoma, NOS	pgx:icdot-C16.0	Cardia, NOS	Primary Tumor
TCGA-STAD	NCIT:C4004	Gastric Adenocarcinoma	pgx:icdom-82603	Papillary adenocarcinoma, NOS	pgx:icdot-C16.1	Fundus of stomach	Primary Tumor
TCGA-STAD	NCIT:C4004	Gastric Adenocarcinoma	pgx:icdom-82603	Papillary adenocarcinoma, NOS	pgx:icdot-C16.2	Body of stomach	Primary Tumor
TCGA-STAD	NCIT:C4004	Gastric Adenocarcinoma	pgx:icdom-82603	Papillary adenocarcinoma, NOS	pgx:icdot-C16.3	Gastric antrum	Primary Tumor
TCGA-BRCA	NCIT:C4017	Ductal Breast Carcinoma	pgx:icdom-85003	Infiltrating duct carcinoma, NOS	pgx:icdot-C50.2	Upper-inner quadrant of breast	Primary Tumor
TCGA-BRCA	NCIT:C4017	Ductal Breast Carcinoma	pgx:icdom-85003	Infiltrating duct carcinoma, NOS	pgx:icdot-C50.3	Lower-inner quadrant of breast	Primary Tumor
TCGA-BRCA	NCIT:C4017	Ductal Breast Carcinoma	pgx:icdom-85003	Infiltrating duct carcinoma, NOS	pgx:icdot-C50.4	Upper-outer quadrant of breast	Metastatic
TCGA-BRCA	NCIT:C4017	Ductal Breast Carcinoma	pgx:icdom-85003	Infiltrating duct carcinoma, NOS	pgx:icdot-C50.5	Lower-outer quadrant of breast	Primary Tumor
TCGA-BRCA	NCIT:C4017	Ductal Breast Carcinoma	pgx:icdom-85003	Infiltrating duct carcinoma, NOS	pgx:icdot-C50.8	Overlapping lesion of breast	Primary Tumor
TCGA-BRCA	NCIT:C4017	Ductal Breast Carcinoma	pgx:icdom-85003	Infiltrating duct carcinoma, NOS	pgx:icdot-C50.9	Breast, NOS	Metastatic
TCGA-SKCM	NCIT:C4022	Acral Lentiginous Melanoma	pgx:icdom-87443	Acral lentiginous melanoma, malignant	pgx:icdot-C44.7	Skin of lower limb and hip	Metastatic
TCGA-ESCA	NCIT:C4024	Esophageal Squamous Cell Carcinoma	pgx:icdom-80703	Squamous cell carcinoma, NOS	pgx:icdot-C15.3	Upper third of esophagus	Primary Tumor
TCGA-ESCA	NCIT:C4024	Esophageal Squamous Cell Carcinoma	pgx:icdom-80703	Squamous cell carcinoma, NOS	pgx:icdot-C15.4	Middle third of esophagus	Metastatic
TCGA-ESCA	NCIT:C4024	Esophageal Squamous Cell Carcinoma	pgx:icdom-80703	Squamous cell carcinoma, NOS	pgx:icdot-C15.5	Lower third of esophagus	Primary Tumor
TCGA-ESCA	NCIT:C4024	Esophageal Squamous Cell Carcinoma	pgx:icdom-80703	Squamous cell carcinoma, NOS	pgx:icdot-C15.9	Esophagus, NOS	Primary Tumor
TCGA-ESCA	NCIT:C4025	Esophageal Adenocarcinoma	pgx:icdom-81403	Adenocarcinoma, NOS	pgx:icdot-C15.1	Thoracic esophagus	Primary Tumor
TCGA-ESCA	NCIT:C4025	Esophageal Adenocarcinoma	pgx:icdom-81403	Adenocarcinoma, NOS	pgx:icdot-C15.4	Middle third of esophagus	Primary Tumor
TCGA-ESCA	NCIT:C4025	Esophageal Adenocarcinoma	pgx:icdom-81403	Adenocarcinoma, NOS	pgx:icdot-C15.5	Lower third of esophagus	Primary Tumor
TCGA-ESCA	NCIT:C4025	Esophageal Adenocarcinoma	pgx:icdom-81403	Adenocarcinoma, NOS	pgx:icdot-C15.9	Esophagus, NOS	Primary Tumor
TCGA-CESC	NCIT:C4028	Cervical Squamous Cell Carcinoma, Not Otherwise Specified	pgx:icdom-80703	Squamous cell carcinoma, NOS	pgx:icdot-C53.0	Endocervix	Primary Tumor
TCGA-CESC	NCIT:C4028	Cervical Squamous Cell Carcinoma, Not Otherwise Specified	pgx:icdom-80703	Squamous cell carcinoma, NOS	pgx:icdot-C53.1	Exocervix	Primary Tumor
TCGA-CESC	NCIT:C4028	Cervical Squamous Cell Carcinoma, Not Otherwise Specified	pgx:icdom-80703	Squamous cell carcinoma, NOS	pgx:icdot-C53.9	Cervix uteri	Metastatic
TCGA-CESC	NCIT:C4029	Cervical Adenocarcinoma	pgx:icdom-81403	Adenocarcinoma, NOS	pgx:icdot-C53.9	Cervix uteri	Primary Tumor
TCGA-BLCA	NCIT:C4031	Bladder Squamous Cell Carcinoma	pgx:icdom-80703	Squamous cell carcinoma, NOS	pgx:icdot-C67.9	Bladder, NOS	Primary Tumor
TCGA-KIRC	NCIT:C4033	Clear Cell Renal Cell Carcinoma	pgx:icdom-83103	Clear cell adenocarcinoma, NOS	pgx:icdot-C64.9	Kidney, NOS	Additional - New Primary
TCGA-THCA	NCIT:C4035	Thyroid Gland Papillary Carcinoma	pgx:icdom-82603	Papillary adenocarcinoma, NOS	pgx:icdot-C73.9	Thyroid gland	Metastatic
TCGA-HNSC	NCIT:C4041	Floor of Mouth Squamous Cell Carcinoma	pgx:icdom-80703	Squamous cell carcinoma, NOS	pgx:icdot-C04.0	Anterior floor of mouth	Primary Tumor
TCGA-HNSC	NCIT:C4041	Floor of Mouth Squamous Cell Carcinoma	pgx:icdom-80703	Squamous cell carcinoma, NOS	pgx:icdot-C04.9	Floor of mouth, NOS	Metastatic
TCGA-HNSC	NCIT:C4044	Laryngeal Squamous Cell Carcinoma	pgx:icdom-80703	Squamous cell carcinoma, NOS	pgx:icdot-C32.9	Larynx, NOS	Primary Tumor
TCGA-BRCA	NCIT:C4094	Pleomorphic Carcinoma	pgx:icdom-80223	Pleomorphic carcinoma	pgx:icdot-C50.8	Overlapping lesion of breast	Primary Tumor
TCGA-LUSC	NCIT:C4102	Papillary Squamous Cell Carcinoma	pgx:icdom-80523	Papillary squamous cell carcinoma	pgx:icdot-C34.1	Upper lobe, lung	Primary Tumor
TCGA-LUSC	NCIT:C4102	Papillary Squamous Cell Carcinoma	pgx:icdom-80523	Papillary squamous cell carcinoma	pgx:icdot-C34.3	Lower lobe, lung	Primary Tumor
TCGA-CESC	NCIT:C4102	Papillary Squamous Cell Carcinoma	pgx:icdom-80523	Papillary squamous cell carcinoma	pgx:icdot-C53.9	Cervix uteri	Primary Tumor
TCGA-HNSC	NCIT:C4105	Keratinizing Squamous Cell Carcinoma	pgx:icdom-80713	Squamous cell carcinoma, keratinizing, NOS	pgx:icdot-C00.9	Lip, NOS	Primary Tumor
TCGA-HNSC	NCIT:C4105	Keratinizing Squamous Cell Carcinoma	pgx:icdom-80713	Squamous cell carcinoma, keratinizing, NOS	pgx:icdot-C01.9	Base of tongue, NOS	Primary Tumor
TCGA-HNSC	NCIT:C4105	Keratinizing Squamous Cell Carcinoma	pgx:icdom-80713	Squamous cell carcinoma, keratinizing, NOS	pgx:icdot-C02.9	Tongue, NOS	Primary Tumor
TCGA-HNSC	NCIT:C4105	Keratinizing Squamous Cell Carcinoma	pgx:icdom-80713	Squamous cell carcinoma, keratinizing, NOS	pgx:icdot-C03.9	Gum, NOS	Primary Tumor
TCGA-HNSC	NCIT:C4105	Keratinizing Squamous Cell Carcinoma	pgx:icdom-80713	Squamous cell carcinoma, keratinizing, NOS	pgx:icdot-C04.0	Anterior floor of mouth	Primary Tumor
TCGA-HNSC	NCIT:C4105	Keratinizing Squamous Cell Carcinoma	pgx:icdom-80713	Squamous cell carcinoma, keratinizing, NOS	pgx:icdot-C04.9	Floor of mouth, NOS	Primary Tumor
TCGA-HNSC	NCIT:C4105	Keratinizing Squamous Cell Carcinoma	pgx:icdom-80713	Squamous cell carcinoma, keratinizing, NOS	pgx:icdot-C05.9	Palate, NOS	Primary Tumor
TCGA-HNSC	NCIT:C4105	Keratinizing Squamous Cell Carcinoma	pgx:icdom-80713	Squamous cell carcinoma, keratinizing, NOS	pgx:icdot-C06.0	Cheeck mucosa	Primary Tumor
TCGA-HNSC	NCIT:C4105	Keratinizing Squamous Cell Carcinoma	pgx:icdom-80713	Squamous cell carcinoma, keratinizing, NOS	pgx:icdot-C06.2	Retromolar area	Primary Tumor
TCGA-HNSC	NCIT:C4105	Keratinizing Squamous Cell Carcinoma	pgx:icdom-80713	Squamous cell carcinoma, keratinizing, NOS	pgx:icdot-C06.9	Mouth, NOS	Primary Tumor
TCGA-HNSC	NCIT:C4105	Keratinizing Squamous Cell Carcinoma	pgx:icdom-80713	Squamous cell carcinoma, keratinizing, NOS	pgx:icdot-C09.9	Tonsil, NOS	Primary Tumor
TCGA-HNSC	NCIT:C4105	Keratinizing Squamous Cell Carcinoma	pgx:icdom-80713	Squamous cell carcinoma, keratinizing, NOS	pgx:icdot-C10.3	Posterior wall of oropharynx	Primary Tumor
TCGA-HNSC	NCIT:C4105	Keratinizing Squamous Cell Carcinoma	pgx:icdom-80713	Squamous cell carcinoma, keratinizing, NOS	pgx:icdot-C10.9	Oropharynx, NOS	Primary Tumor
TCGA-ESCA	NCIT:C4105	Keratinizing Squamous Cell Carcinoma	pgx:icdom-80713	Squamous cell carcinoma, keratinizing, NOS	pgx:icdot-C15.1	Thoracic esophagus	Primary Tumor
TCGA-ESCA	NCIT:C4105	Keratinizing Squamous Cell Carcinoma	pgx:icdom-80713	Squamous cell carcinoma, keratinizing, NOS	pgx:icdot-C15.5	Lower third of esophagus	Primary Tumor
TCGA-ESCA	NCIT:C4105	Keratinizing Squamous Cell Carcinoma	pgx:icdom-80713	Squamous cell carcinoma, keratinizing, NOS	pgx:icdot-C15.9	Esophagus, NOS	Primary Tumor
TCGA-HNSC	NCIT:C4105	Keratinizing Squamous Cell Carcinoma	pgx:icdom-80713	Squamous cell carcinoma, keratinizing, NOS	pgx:icdot-C32.9	Larynx, NOS	Primary Tumor
TCGA-LUSC	NCIT:C4105	Keratinizing Squamous Cell Carcinoma	pgx:icdom-80713	Squamous cell carcinoma, keratinizing, NOS	pgx:icdot-C34.1	Upper lobe, lung	Primary Tumor
TCGA-LUSC	NCIT:C4105	Keratinizing Squamous Cell Carcinoma	pgx:icdom-80713	Squamous cell carcinoma, keratinizing, NOS	pgx:icdot-C34.2	Middle lobe, lung	Primary Tumor
TCGA-LUSC	NCIT:C4105	Keratinizing Squamous Cell Carcinoma	pgx:icdom-80713	Squamous cell carcinoma, keratinizing, NOS	pgx:icdot-C34.3	Lower lobe, lung	Primary Tumor
TCGA-LUSC	NCIT:C4105	Keratinizing Squamous Cell Carcinoma	pgx:icdom-80713	Squamous cell carcinoma, keratinizing, NOS	pgx:icdot-C34.9	Lung, NOS	Primary Tumor
TCGA-CESC	NCIT:C4105	Keratinizing Squamous Cell Carcinoma	pgx:icdom-80713	Squamous cell carcinoma, keratinizing, NOS	pgx:icdot-C53.9	Cervix uteri	Primary Tumor
TCGA-LIHC	NCIT:C4131	Fibrolamellar Carcinoma	pgx:icdom-81713	Hepatocellular carcinoma, fibrolamellar	pgx:icdot-C22.0	Liver	Primary Tumor
TCGA-LUAD	NCIT:C4137	Solid Carcinoma	pgx:icdom-82303	Solid carcinoma, NOS	pgx:icdot-C34.1	Upper lobe, lung	Primary Tumor
TCGA-READ	NCIT:C4145	Adenocarcinoma in Tubulovillous Adenoma	pgx:icdom-82633	Adenocarcinoma in tubulovillous adenoma	pgx:icdot-C20.9	Rectum, NOS	Primary Tumor
TCGA-KICH	NCIT:C4146	Chromophobe Renal Cell Carcinoma	pgx:icdom-83173	Renal cell carcinoma, chromophobe type	pgx:icdot-C64.9	Kidney, NOS	Primary Tumor
TCGA-UCEC	NCIT:C4182	Serous Surface Papillary Carcinoma	pgx:icdom-84613	Serous surface papillary carcinoma	pgx:icdot-C54.1	Endometrium	Primary Tumor
TCGA-OV	NCIT:C4182	Serous Surface Papillary Carcinoma	pgx:icdom-84613	Serous surface papillary carcinoma	pgx:icdot-C56.9	Ovary	Primary Tumor
TCGA-BRCA	NCIT:C4189	Secretory Breast Carcinoma	pgx:icdom-85023	Secretory carcinoma of breast	pgx:icdot-C50.9	Breast, NOS	Primary Tumor
TCGA-PAAD	NCIT:C4194	Invasive Ductal Carcinoma, Not Otherwise Specified	pgx:icdom-85003	Infiltrating duct carcinoma, NOS	pgx:icdot-C25.0	Head of pancreas	Primary Tumor
TCGA-PAAD	NCIT:C4194	Invasive Ductal Carcinoma, Not Otherwise Specified	pgx:icdom-85003	Infiltrating duct carcinoma, NOS	pgx:icdot-C25.1	Body of pancreas	Primary Tumor
TCGA-PAAD	NCIT:C4194	Invasive Ductal Carcinoma, Not Otherwise Specified	pgx:icdom-85003	Infiltrating duct carcinoma, NOS	pgx:icdot-C25.2	Tail of pancreas	Primary Tumor
TCGA-PAAD	NCIT:C4194	Invasive Ductal Carcinoma, Not Otherwise Specified	pgx:icdom-85003	Infiltrating duct carcinoma, NOS	pgx:icdot-C25.8	Overlapping lesion of pancreas	Primary Tumor
TCGA-PAAD	NCIT:C4194	Invasive Ductal Carcinoma, Not Otherwise Specified	pgx:icdom-85003	Infiltrating duct carcinoma, NOS	pgx:icdot-C25.9	Pancreas, NOS	Primary Tumor
TCGA-PRAD	NCIT:C4194	Invasive Ductal Carcinoma, Not Otherwise Specified	pgx:icdom-85003	Infiltrating duct carcinoma, NOS	pgx:icdot-C61.9	Prostate gland	Primary Tumor
TCGA-PCPG	NCIT:C4218	Aorticopulmonary Paraganglioma	pgx:icdom-86911	Aortic body tumor	pgx:icdot-C49.3	Connective, Subcutaneous and other soft tissues of thorax	Primary Tumor
TCGA-PCPG	NCIT:C4219	Malignant Extra-Adrenal Paraganglioma	pgx:icdom-86933	Extra-adrenal paraganglioma, malignant	pgx:icdot-C38.3	Mediastinum, NOS	Primary Tumor
TCGA-PCPG	NCIT:C4219	Malignant Extra-Adrenal Paraganglioma	pgx:icdom-86933	Extra-adrenal paraganglioma, malignant	pgx:icdot-C48.0	Retroperitoneum	Primary Tumor
TCGA-PCPG	NCIT:C4219	Malignant Extra-Adrenal Paraganglioma	pgx:icdom-86933	Extra-adrenal paraganglioma, malignant	pgx:icdot-C76.0	Head, face or neck, NOS	Primary Tumor
TCGA-UVM	NCIT:C4220	Malignant Adrenal Gland Pheochromocytoma	pgx:icdom-87003	Pheochromocytoma, malignant	pgx:icdot-C69.3	Choroid	Primary Tumor
TCGA-PCPG	NCIT:C4220	Malignant Adrenal Gland Pheochromocytoma	pgx:icdom-87003	Pheochromocytoma, malignant	pgx:icdot-C74.1	Medulla of adrenal gland	Primary Tumor
TCGA-PCPG	NCIT:C4220	Malignant Adrenal Gland Pheochromocytoma	pgx:icdom-87003	Pheochromocytoma, malignant	pgx:icdot-C74.9	Adrenal gland, NOS	Additional - New Primary
TCGA-PCPG	NCIT:C4220	Malignant Adrenal Gland Pheochromocytoma	pgx:icdom-87003	Pheochromocytoma, malignant	pgx:icdot-C75.5	Aortic body and other paraganglia	Primary Tumor
TCGA-SKCM	NCIT:C4225	Nodular Melanoma	pgx:icdom-87213	Nodular melanoma	pgx:icdot-C44.4	Skin of scalp and neck	Metastatic
TCGA-SKCM	NCIT:C4225	Nodular Melanoma	pgx:icdom-87213	Nodular melanoma	pgx:icdot-C44.5	Skin of trunk	Primary Tumor
TCGA-SKCM	NCIT:C4225	Nodular Melanoma	pgx:icdom-87213	Nodular melanoma	pgx:icdot-C44.6	Skin of upper limb and shoulder	Primary Tumor
TCGA-SKCM	NCIT:C4225	Nodular Melanoma	pgx:icdom-87213	Nodular melanoma	pgx:icdot-C44.7	Skin of lower limb and hip	Primary Tumor
TCGA-SKCM	NCIT:C4225	Nodular Melanoma	pgx:icdom-87213	Nodular melanoma	pgx:icdot-C44.9	Skin, NOS	Primary Tumor
TCGA-SKCM	NCIT:C4225	Nodular Melanoma	pgx:icdom-87213	Nodular melanoma	pgx:icdot-C77.4	Lymph nodes of inguinal region or leg	Metastatic
TCGA-SKCM	NCIT:C4236	Epithelioid Cell Melanoma	pgx:icdom-87713	Epithelioid cell melanoma	pgx:icdot-C18.9	Colon, NOS	Metastatic
TCGA-SKCM	NCIT:C4236	Epithelioid Cell Melanoma	pgx:icdom-87713	Epithelioid cell melanoma	pgx:icdot-C44.5	Skin of trunk	Primary Tumor
TCGA-SKCM	NCIT:C4236	Epithelioid Cell Melanoma	pgx:icdom-87713	Epithelioid cell melanoma	pgx:icdot-C44.6	Skin of upper limb and shoulder	Primary Tumor
TCGA-SKCM	NCIT:C4236	Epithelioid Cell Melanoma	pgx:icdom-87713	Epithelioid cell melanoma	pgx:icdot-C44.7	Skin of lower limb and hip	Primary Tumor
TCGA-UVM	NCIT:C4236	Epithelioid Cell Melanoma	pgx:icdom-87713	Epithelioid cell melanoma	pgx:icdot-C69.3	Choroid	Primary Tumor
TCGA-UVM	NCIT:C4236	Epithelioid Cell Melanoma	pgx:icdom-87713	Epithelioid cell melanoma	pgx:icdot-C69.4	Ciliary body	Primary Tumor
TCGA-SKCM	NCIT:C4237	Spindle Cell Melanoma	pgx:icdom-87723	Spindle cell melanoma, NOS	pgx:icdot-C44.3	Skin of other and unspecified parts of face	Primary Tumor
TCGA-SKCM	NCIT:C4237	Spindle Cell Melanoma	pgx:icdom-87723	Spindle cell melanoma, NOS	pgx:icdot-C44.5	Skin of trunk	Primary Tumor
TCGA-SKCM	NCIT:C4237	Spindle Cell Melanoma	pgx:icdom-87723	Spindle cell melanoma, NOS	pgx:icdot-C44.6	Skin of upper limb and shoulder	Metastatic
TCGA-UVM	NCIT:C4237	Spindle Cell Melanoma	pgx:icdom-87723	Spindle cell melanoma, NOS	pgx:icdot-C69.3	Choroid	Primary Tumor
TCGA-UVM	NCIT:C4237	Spindle Cell Melanoma	pgx:icdom-87723	Spindle cell melanoma, NOS	pgx:icdot-C69.4	Ciliary body	Primary Tumor
TCGA-UVM	NCIT:C4237	Spindle Cell Melanoma	pgx:icdom-87723	Spindle cell melanoma, NOS	pgx:icdot-C69.8	Overlapping lesion of eye and adnexa	Primary Tumor
TCGA-UVM	NCIT:C4237	Spindle Cell Melanoma	pgx:icdom-87723	Spindle cell melanoma, NOS	pgx:icdot-C69.9	Eye, NOS	Primary Tumor
TCGA-UVM	NCIT:C4239	Type B Spindle Cell Melanoma	pgx:icdom-87743	Spindle cell melanoma, type B	pgx:icdot-C69.3	Choroid	Primary Tumor
TCGA-UVM	NCIT:C4239	Type B Spindle Cell Melanoma	pgx:icdom-87743	Spindle cell melanoma, type B	pgx:icdot-C69.8	Overlapping lesion of eye and adnexa	Primary Tumor
TCGA-SARC	NCIT:C4247	Undifferentiated Pleomorphic Sarcoma	pgx:icdom-88303	Malignant fibrous histiocytoma	pgx:icdot-C48.0	Retroperitoneum	Primary Tumor
TCGA-SARC	NCIT:C4247	Undifferentiated Pleomorphic Sarcoma	pgx:icdom-88303	Malignant fibrous histiocytoma	pgx:icdot-C49.2	Connective, Subcutaneous and other soft tissues of lower limb and hip	Primary Tumor
TCGA-SARC	NCIT:C4247	Undifferentiated Pleomorphic Sarcoma	pgx:icdom-88303	Malignant fibrous histiocytoma	pgx:icdot-C49.3	Connective, Subcutaneous and other soft tissues of thorax	Primary Tumor
TCGA-SARC	NCIT:C4247	Undifferentiated Pleomorphic Sarcoma	pgx:icdom-88303	Malignant fibrous histiocytoma	pgx:icdot-C49.5	Connective, Subcutaneous and other soft tissues of pelvis	Primary Tumor
TCGA-SARC	NCIT:C4247	Undifferentiated Pleomorphic Sarcoma	pgx:icdom-88303	Malignant fibrous histiocytoma	pgx:icdot-C49.6	Connective, Subcutaneous and other soft tissues of trunk, NOS	Primary Tumor
TCGA-SARC	NCIT:C4250	Well Differentiated Liposarcoma	pgx:icdom-88513	Liposarcoma, well differentiated	pgx:icdot-C48.0	Retroperitoneum	Primary Tumor
TCGA-SARC	NCIT:C4277	Spindle Cell Synovial Sarcoma	pgx:icdom-90413	Synovial sarcoma, spindle cell	pgx:icdot-C49.0	Connective, Subcutaneous and other soft tissues of head, face, and neck	Primary Tumor
TCGA-SARC	NCIT:C4277	Spindle Cell Synovial Sarcoma	pgx:icdom-90413	Synovial sarcoma, spindle cell	pgx:icdot-C49.2	Connective, Subcutaneous and other soft tissues of lower limb and hip	Primary Tumor
TCGA-SARC	NCIT:C4277	Spindle Cell Synovial Sarcoma	pgx:icdom-90413	Synovial sarcoma, spindle cell	pgx:icdot-C49.3	Connective, Subcutaneous and other soft tissues of thorax	Primary Tumor
TCGA-SARC	NCIT:C4277	Spindle Cell Synovial Sarcoma	pgx:icdom-90413	Synovial sarcoma, spindle cell	pgx:icdot-C64.9	Kidney, NOS	Primary Tumor
TCGA-SARC	NCIT:C4279	Biphasic Synovial Sarcoma	pgx:icdom-90433	Synovial sarcoma, biphasic	pgx:icdot-C49.2	Connective, Subcutaneous and other soft tissues of lower limb and hip	Primary Tumor
TCGA-SARC	NCIT:C4279	Biphasic Synovial Sarcoma	pgx:icdom-90433	Synovial sarcoma, biphasic	pgx:icdot-C49.6	Connective, Subcutaneous and other soft tissues of trunk, NOS	Primary Tumor
TCGA-TGCT	NCIT:C4286	Immature Teratoma	pgx:icdom-90803	Teratoma, malignant, NOS	pgx:icdot-C62.9	Testis, NOS	Primary Tumor
TCGA-TGCT	NCIT:C4290	Mixed Germ Cell Tumor	pgx:icdom-90853	Mixed germ cell tumor	pgx:icdot-C62.9	Testis, NOS	Additional - New Primary
TCGA-LGG	NCIT:C4326	Anaplastic Oligodendroglioma	pgx:icdom-94513	Oligodendroglioma, anaplastic	pgx:icdot-C71.9	Brain, NOS	Primary Tumor
TCGA-COAD	NCIT:C4349	Colon Adenocarcinoma	pgx:icdom-81403	Adenocarcinoma, NOS	pgx:icdot-C18.0	Cecum	Primary Tumor
TCGA-COAD	NCIT:C4349	Colon Adenocarcinoma	pgx:icdom-81403	Adenocarcinoma, NOS	pgx:icdot-C18.2	Ascending colon	Primary Tumor
TCGA-COAD	NCIT:C4349	Colon Adenocarcinoma	pgx:icdom-81403	Adenocarcinoma, NOS	pgx:icdot-C18.3	Hepatic flexure of colon	Primary Tumor
TCGA-COAD	NCIT:C4349	Colon Adenocarcinoma	pgx:icdom-81403	Adenocarcinoma, NOS	pgx:icdot-C18.4	Transverse colon	Primary Tumor
TCGA-COAD	NCIT:C4349	Colon Adenocarcinoma	pgx:icdom-81403	Adenocarcinoma, NOS	pgx:icdot-C18.5	Splenic flexure of colon	Primary Tumor
TCGA-COAD	NCIT:C4349	Colon Adenocarcinoma	pgx:icdom-81403	Adenocarcinoma, NOS	pgx:icdot-C18.6	Descending colon	Primary Tumor
TCGA-COAD	NCIT:C4349	Colon Adenocarcinoma	pgx:icdom-81403	Adenocarcinoma, NOS	pgx:icdot-C18.9	Colon, NOS	Primary Tumor
TCGA-COAD	NCIT:C43584	Rectosigmoid Adenocarcinoma	pgx:icdom-81403	Adenocarcinoma, NOS	pgx:icdot-C18.7	Sigmoid colon	Metastatic
TCGA-READ	NCIT:C43584	Rectosigmoid Adenocarcinoma	pgx:icdom-81403	Adenocarcinoma, NOS	pgx:icdot-C19.9	Rectosigmoid junction	Primary Tumor
TCGA-COAD	NCIT:C43592	Rectosigmoid Mucinous Adenocarcinoma	pgx:icdom-84803	Mucinous adenocarcinoma	pgx:icdot-C18.7	Sigmoid colon	Primary Tumor
TCGA-READ	NCIT:C43592	Rectosigmoid Mucinous Adenocarcinoma	pgx:icdom-84803	Mucinous adenocarcinoma	pgx:icdot-C19.9	Rectosigmoid junction	Primary Tumor
TCGA-CHOL	NCIT:C4436	Cholangiocarcinoma	pgx:icdom-81603	Cholangiocarcinoma	pgx:icdot-C22.0	Liver	Primary Tumor
TCGA-BRCA	NCIT:C4504	Malignant Breast Phyllodes Tumor	pgx:icdom-90203	Phyllodes tumor, malignant	pgx:icdot-C50.9	Breast, NOS	Primary Tumor
TCGA-CESC	NCIT:C4519	Cervical adenosquamous carcinoma	pgx:icdom-85603	Adenosquamous carcinoma	pgx:icdot-C53.9	Cervix uteri	Primary Tumor
TCGA-MESO	NCIT:C45665	Pleural biphasic mesothelioma	pgx:icdom-90533	Mesothelioma, biphasic, malignant	pgx:icdot-C38.4	Pleura, NOS	Primary Tumor
TCGA-HNSC	NCIT:C4648	Tongue Squamous Cell Carcinoma	pgx:icdom-80703	Squamous cell carcinoma, NOS	pgx:icdot-C01.9	Base of tongue, NOS	Primary Tumor
TCGA-HNSC	NCIT:C4648	Tongue Squamous Cell Carcinoma	pgx:icdom-80703	Squamous cell carcinoma, NOS	pgx:icdot-C02.1	Border of tongue	Primary Tumor
TCGA-HNSC	NCIT:C4648	Tongue Squamous Cell Carcinoma	pgx:icdom-80703	Squamous cell carcinoma, NOS	pgx:icdot-C02.2	Ventral surface of tongue, NOS	Primary Tumor
TCGA-HNSC	NCIT:C4648	Tongue Squamous Cell Carcinoma	pgx:icdom-80703	Squamous cell carcinoma, NOS	pgx:icdot-C02.9	Tongue, NOS	Primary Tumor
TCGA-HNSC	NCIT:C4649	Palate Squamous Cell Carcinoma	pgx:icdom-80703	Squamous cell carcinoma, NOS	pgx:icdot-C05.0	Hard palate	Primary Tumor
TCGA-BRCA	NCIT:C47857	Paget Disease of the Breast	pgx:icdom-85413	Paget disease and infiltrating duct carcinoma of breast	pgx:icdot-C50.9	Breast, NOS	Primary Tumor
TCGA-THCA	NCIT:C4815	Thyroid Gland Carcinoma	pgx:icdom-80103	Carcinoma, NOS	pgx:icdot-C73.9	Thyroid gland	Primary Tumor
TCGA-HNSC	NCIT:C4833	Oral Cavity Squamous Cell Carcinoma	pgx:icdom-80703	Squamous cell carcinoma, NOS	pgx:icdot-C06.0	Cheeck mucosa	Primary Tumor
TCGA-HNSC	NCIT:C4833	Oral Cavity Squamous Cell Carcinoma	pgx:icdom-80703	Squamous cell carcinoma, NOS	pgx:icdot-C06.9	Mouth, NOS	Primary Tumor
TCGA-BRCA	NCIT:C4872	Breast Carcinoma	pgx:icdom-80103	Carcinoma, NOS	pgx:icdot-C50.9	Breast, NOS	Primary Tumor
TCGA-BLCA	NCIT:C4912	Bladder Carcinoma	pgx:icdom-80103	Carcinoma, NOS	pgx:icdot-C67.9	Bladder, NOS	Primary Tumor
TCGA-BRCA	NCIT:C5142	Invasive Cribriform Breast Carcinoma	pgx:icdom-82013	Cribriform carcinoma, NOS	pgx:icdot-C50.9	Breast, NOS	Primary Tumor
TCGA-BRCA	NCIT:C5161	Pleomorphic breast carcinoma	pgx:icdom-80223	Pleomorphic carcinoma	pgx:icdot-C50.9	Breast, NOS	Primary Tumor
TCGA-BRCA	NCIT:C5164	Metaplastic Breast Carcinoma	pgx:icdom-85753	Metaplastic carcinoma, NOS	pgx:icdot-C50.9	Breast, NOS	Primary Tumor
TCGA-BRCA	NCIT:C5214	Breast Adenocarcinoma	pgx:icdom-85233	Infiltrating duct mixed with other types of carcinoma	pgx:icdot-C50.3	Lower-inner quadrant of breast	Primary Tumor
TCGA-BRCA	NCIT:C5214	Breast Adenocarcinoma	pgx:icdom-85233	Infiltrating duct mixed with other types of carcinoma	pgx:icdot-C50.9	Breast, NOS	Primary Tumor
TCGA-BRCA	NCIT:C5214	Breast Adenocarcinoma	pgx:icdom-85243	Infiltrating lobular mixed with other types of carcinoma	pgx:icdot-C50.2	Upper-inner quadrant of breast	Primary Tumor
TCGA-BRCA	NCIT:C5214	Breast Adenocarcinoma	pgx:icdom-85243	Infiltrating lobular mixed with other types of carcinoma	pgx:icdot-C50.9	Breast, NOS	Primary Tumor
TCGA-OV	NCIT:C5228	Ovarian Cystadenocarcinoma	pgx:icdom-84403	Cystadenocarcinoma, NOS	pgx:icdot-C56.9	Ovary	Primary Tumor
TCGA-SARC	NCIT:C5234	Ovarian leiomyosarcoma	pgx:icdom-88903	Leiomyosarcoma, NOS	pgx:icdot-C56.9	Ovary	Primary Tumor
TCGA-STAD	NCIT:C5248	Mucinous Gastric Adenocarcinoma	pgx:icdom-84803	Mucinous adenocarcinoma	pgx:icdot-C16.0	Cardia, NOS	Primary Tumor
TCGA-STAD	NCIT:C5248	Mucinous Gastric Adenocarcinoma	pgx:icdom-84803	Mucinous adenocarcinoma	pgx:icdot-C16.1	Fundus of stomach	Primary Tumor
TCGA-STAD	NCIT:C5248	Mucinous Gastric Adenocarcinoma	pgx:icdom-84803	Mucinous adenocarcinoma	pgx:icdot-C16.2	Body of stomach	Primary Tumor
TCGA-STAD	NCIT:C5248	Mucinous Gastric Adenocarcinoma	pgx:icdom-84803	Mucinous adenocarcinoma	pgx:icdot-C16.3	Gastric antrum	Primary Tumor
TCGA-STAD	NCIT:C5248	Mucinous Gastric Adenocarcinoma	pgx:icdom-84803	Mucinous adenocarcinoma	pgx:icdot-C16.9	Stomach, NOS	Primary Tumor
TCGA-HNSC	NCIT:C54244	Basaloid Squamous Cell Carcinoma	pgx:icdom-80833	Basaloid squamous cell carcinoma	pgx:icdot-C01.9	Base of tongue, NOS	Primary Tumor
TCGA-HNSC	NCIT:C54244	Basaloid Squamous Cell Carcinoma	pgx:icdom-80833	Basaloid squamous cell carcinoma	pgx:icdot-C04.9	Floor of mouth, NOS	Primary Tumor
TCGA-HNSC	NCIT:C54244	Basaloid Squamous Cell Carcinoma	pgx:icdom-80833	Basaloid squamous cell carcinoma	pgx:icdot-C06.0	Cheeck mucosa	Primary Tumor
TCGA-HNSC	NCIT:C54244	Basaloid Squamous Cell Carcinoma	pgx:icdom-80833	Basaloid squamous cell carcinoma	pgx:icdot-C09.9	Tonsil, NOS	Primary Tumor
TCGA-HNSC	NCIT:C54244	Basaloid Squamous Cell Carcinoma	pgx:icdom-80833	Basaloid squamous cell carcinoma	pgx:icdot-C10.9	Oropharynx, NOS	Primary Tumor
TCGA-ESCA	NCIT:C54244	Basaloid Squamous Cell Carcinoma	pgx:icdom-80833	Basaloid squamous cell carcinoma	pgx:icdot-C15.5	Lower third of esophagus	Primary Tumor
TCGA-HNSC	NCIT:C54244	Basaloid Squamous Cell Carcinoma	pgx:icdom-80833	Basaloid squamous cell carcinoma	pgx:icdot-C32.9	Larynx, NOS	Primary Tumor
TCGA-LUSC	NCIT:C54244	Basaloid Squamous Cell Carcinoma	pgx:icdom-80833	Basaloid squamous cell carcinoma	pgx:icdot-C34.1	Upper lobe, lung	Primary Tumor
TCGA-LUSC	NCIT:C54244	Basaloid Squamous Cell Carcinoma	pgx:icdom-80833	Basaloid squamous cell carcinoma	pgx:icdot-C34.3	Lower lobe, lung	Primary Tumor
TCGA-CESC	NCIT:C54244	Basaloid Squamous Cell Carcinoma	pgx:icdom-80833	Basaloid squamous cell carcinoma	pgx:icdot-C53.9	Cervix uteri	Primary Tumor
TCGA-STAD	NCIT:C5473	Gastric tubular adenocarcinoma	pgx:icdom-82113	Tubular adenocarcinoma	pgx:icdot-C16.0	Cardia, NOS	Primary Tumor
TCGA-STAD	NCIT:C5473	Gastric tubular adenocarcinoma	pgx:icdom-82113	Tubular adenocarcinoma	pgx:icdot-C16.1	Fundus of stomach	Primary Tumor
TCGA-STAD	NCIT:C5473	Gastric tubular adenocarcinoma	pgx:icdom-82113	Tubular adenocarcinoma	pgx:icdot-C16.2	Body of stomach	Primary Tumor
TCGA-STAD	NCIT:C5473	Gastric tubular adenocarcinoma	pgx:icdom-82113	Tubular adenocarcinoma	pgx:icdot-C16.3	Gastric antrum	Primary Tumor
TCGA-PRAD	NCIT:C5596	Prostate Acinar Adenocarcinoma	pgx:icdom-85503	Acinar cell carcinoma	pgx:icdot-C61.9	Prostate gland	Primary Tumor
TCGA-LUAD	NCIT:C5649	Acinar Lung Adenocarcinoma	pgx:icdom-85503	Acinar cell carcinoma	pgx:icdot-C34.1	Upper lobe, lung	Primary Tumor
TCGA-LUAD	NCIT:C5649	Acinar Lung Adenocarcinoma	pgx:icdom-85503	Acinar cell carcinoma	pgx:icdot-C34.2	Middle lobe, lung	Primary Tumor
TCGA-LUAD	NCIT:C5649	Acinar Lung Adenocarcinoma	pgx:icdom-85503	Acinar cell carcinoma	pgx:icdot-C34.3	Lower lobe, lung	Primary Tumor
TCGA-LUAD	NCIT:C5650	Papillary lung adenocarcinoma	pgx:icdom-82603	Papillary adenocarcinoma, NOS	pgx:icdot-C34.9	Lung, NOS	Primary Tumor
TCGA-LGG	NCIT:C60781	Astrocytoma	pgx:icdom-94003	Astrocytoma, NOS	pgx:icdot-C71.0	Cerebrum	Primary Tumor
TCGA-LGG	NCIT:C60781	Astrocytoma	pgx:icdom-94003	Astrocytoma, NOS	pgx:icdot-C71.1	Frontal lobe	Primary Tumor
TCGA-LGG	NCIT:C60781	Astrocytoma	pgx:icdom-94003	Astrocytoma, NOS	pgx:icdot-C71.9	Brain, NOS	Primary Tumor
TCGA-UCEC	NCIT:C6287	Endometrial Endometrioid Adenocarcinoma	pgx:icdom-83803	Endometrioid adenocarcinoma, NOS	pgx:icdot-C54.0	Isthmus uteri	Primary Tumor
TCGA-UCEC	NCIT:C6287	Endometrial Endometrioid Adenocarcinoma	pgx:icdom-83803	Endometrioid adenocarcinoma, NOS	pgx:icdot-C54.1	Endometrium	Primary Tumor
TCGA-UCEC	NCIT:C6287	Endometrial Endometrioid Adenocarcinoma	pgx:icdom-83803	Endometrioid adenocarcinoma, NOS	pgx:icdot-C54.3	Fundus uteri	Primary Tumor
TCGA-UCEC	NCIT:C6287	Endometrial Endometrioid Adenocarcinoma	pgx:icdom-83803	Endometrioid adenocarcinoma, NOS	pgx:icdot-C54.9	Corpus uteri	Primary Tumor
TCGA-SARC	NCIT:C6340	Uterine Corpus Leiomyosarcoma	pgx:icdom-88903	Leiomyosarcoma, NOS	pgx:icdot-C54.2	Myometrium	Primary Tumor
TCGA-SARC	NCIT:C6340	Uterine Corpus Leiomyosarcoma	pgx:icdom-88903	Leiomyosarcoma, NOS	pgx:icdot-C54.9	Corpus uteri	Primary Tumor
TCGA-SARC	NCIT:C6340	Uterine Corpus Leiomyosarcoma	pgx:icdom-88903	Leiomyosarcoma, NOS	pgx:icdot-C55.9	Uterus, NOS	Primary Tumor
TCGA-BRCA	NCIT:C6393	Invasive Ductal and Invasive Lobular Breast Carcinoma	pgx:icdom-85223	Infiltrating duct and lobular carcinoma	pgx:icdot-C50.9	Breast, NOS	Primary Tumor
TCGA-THYM	NCIT:C6454	Thymoma Type A	pgx:icdom-85811	Thymoma, type A, NOS	pgx:icdot-C37.9	Thymus	Primary Tumor
TCGA-THYM	NCIT:C6454	Thymoma Type A	pgx:icdom-85811	Thymoma, type A, NOS	pgx:icdot-C76.1	Thorax, NOS	Primary Tumor
TCGA-SARC	NCIT:C6496	Myxofibrosarcoma	pgx:icdom-88113	Fibromyxosarcoma	pgx:icdot-C48.0	Retroperitoneum	Primary Tumor
TCGA-SARC	NCIT:C6496	Myxofibrosarcoma	pgx:icdom-88113	Fibromyxosarcoma	pgx:icdot-C49.2	Connective, Subcutaneous and other soft tissues of lower limb and hip	Primary Tumor
TCGA-SARC	NCIT:C6496	Myxofibrosarcoma	pgx:icdom-88113	Fibromyxosarcoma	pgx:icdot-C49.3	Connective, Subcutaneous and other soft tissues of thorax	Primary Tumor
TCGA-SARC	NCIT:C6496	Myxofibrosarcoma	pgx:icdom-88113	Fibromyxosarcoma	pgx:icdot-C49.5	Connective, Subcutaneous and other soft tissues of pelvis	Primary Tumor
TCGA-SARC	NCIT:C6496	Myxofibrosarcoma	pgx:icdom-88113	Fibromyxosarcoma	pgx:icdot-C49.6	Connective, Subcutaneous and other soft tissues of trunk, NOS	Primary Tumor
TCGA-HNSC	NCIT:C65173	Non-Keratinizing Large Cell Squamous Cell Carcinoma	pgx:icdom-80723	Squamous cell carcinoma, large cell, nonkeratinizing, NOS	pgx:icdot-C01.9	Base of tongue, NOS	Primary Tumor
TCGA-HNSC	NCIT:C65173	Non-Keratinizing Large Cell Squamous Cell Carcinoma	pgx:icdom-80723	Squamous cell carcinoma, large cell, nonkeratinizing, NOS	pgx:icdot-C09.9	Tonsil, NOS	Primary Tumor
TCGA-HNSC	NCIT:C65173	Non-Keratinizing Large Cell Squamous Cell Carcinoma	pgx:icdom-80723	Squamous cell carcinoma, large cell, nonkeratinizing, NOS	pgx:icdot-C13.9	Hypopharynx, NOS	Primary Tumor
TCGA-HNSC	NCIT:C65173	Non-Keratinizing Large Cell Squamous Cell Carcinoma	pgx:icdom-80723	Squamous cell carcinoma, large cell, nonkeratinizing, NOS	pgx:icdot-C32.9	Larynx, NOS	Primary Tumor
TCGA-LUSC	NCIT:C65173	Non-Keratinizing Large Cell Squamous Cell Carcinoma	pgx:icdom-80723	Squamous cell carcinoma, large cell, nonkeratinizing, NOS	pgx:icdot-C34.1	Upper lobe, lung	Primary Tumor
TCGA-LUSC	NCIT:C65173	Non-Keratinizing Large Cell Squamous Cell Carcinoma	pgx:icdom-80723	Squamous cell carcinoma, large cell, nonkeratinizing, NOS	pgx:icdot-C34.3	Lower lobe, lung	Primary Tumor
TCGA-CESC	NCIT:C65173	Non-Keratinizing Large Cell Squamous Cell Carcinoma	pgx:icdom-80723	Squamous cell carcinoma, large cell, nonkeratinizing, NOS	pgx:icdot-C53.9	Cervix uteri	Primary Tumor
TCGA-LUSC	NCIT:C65175	Non-Keratinizing Small Cell Squamous Cell Carcinoma	pgx:icdom-80733	Squamous cell carcinoma, small cell, nonkeratinizing	pgx:icdot-C34.2	Middle lobe, lung	Primary Tumor
TCGA-ESCA	NCIT:C65192	Tubular Adenocarcinoma	pgx:icdom-82113	Tubular adenocarcinoma	pgx:icdot-C15.5	Lower third of esophagus	Primary Tumor
TCGA-READ	NCIT:C65192	Tubular Adenocarcinoma	pgx:icdom-82113	Tubular adenocarcinoma	pgx:icdot-C20.9	Rectum, NOS	Primary Tumor
TCGA-COAD	NCIT:C65197	Lung Adenocarcinoma with Mixed Bronchioloalveolar and Invasive Components	pgx:icdom-82553	Adenocarcinoma with mixed subtypes	pgx:icdot-C18.9	Colon, NOS	Primary Tumor
TCGA-READ	NCIT:C65197	Lung Adenocarcinoma with Mixed Bronchioloalveolar and Invasive Components	pgx:icdom-82553	Adenocarcinoma with mixed subtypes	pgx:icdot-C20.9	Rectum, NOS	Primary Tumor
TCGA-PAAD	NCIT:C65197	Lung Adenocarcinoma with Mixed Bronchioloalveolar and Invasive Components	pgx:icdom-82553	Adenocarcinoma with mixed subtypes	pgx:icdot-C25.0	Head of pancreas	Primary Tumor
TCGA-LUAD	NCIT:C65197	Lung Adenocarcinoma with Mixed Bronchioloalveolar and Invasive Components	pgx:icdom-82553	Adenocarcinoma with mixed subtypes	pgx:icdot-C34.1	Upper lobe, lung	Primary Tumor
TCGA-LUAD	NCIT:C65197	Lung Adenocarcinoma with Mixed Bronchioloalveolar and Invasive Components	pgx:icdom-82553	Adenocarcinoma with mixed subtypes	pgx:icdot-C34.2	Middle lobe, lung	Primary Tumor
TCGA-LUAD	NCIT:C65197	Lung Adenocarcinoma with Mixed Bronchioloalveolar and Invasive Components	pgx:icdom-82553	Adenocarcinoma with mixed subtypes	pgx:icdot-C34.3	Lower lobe, lung	Primary Tumor
TCGA-LUAD	NCIT:C65197	Lung Adenocarcinoma with Mixed Bronchioloalveolar and Invasive Components	pgx:icdom-82553	Adenocarcinoma with mixed subtypes	pgx:icdot-C34.8	Overlapping lesion of lung	Primary Tumor
TCGA-LUAD	NCIT:C65197	Lung Adenocarcinoma with Mixed Bronchioloalveolar and Invasive Components	pgx:icdom-82553	Adenocarcinoma with mixed subtypes	pgx:icdot-C34.9	Lung, NOS	Primary Tumor
TCGA-UCEC	NCIT:C65197	Lung Adenocarcinoma with Mixed Bronchioloalveolar and Invasive Components	pgx:icdom-82553	Adenocarcinoma with mixed subtypes	pgx:icdot-C54.1	Endometrium	Primary Tumor
TCGA-PRAD	NCIT:C65197	Lung Adenocarcinoma with Mixed Bronchioloalveolar and Invasive Components	pgx:icdom-82553	Adenocarcinoma with mixed subtypes	pgx:icdot-C61.9	Prostate gland	Primary Tumor
TCGA-THCA	NCIT:C65200	Thyroid Gland Follicular Carcinoma, Minimally Invasive	pgx:icdom-83353	Follicular carcinoma, minimally invasive	pgx:icdot-C73.9	Thyroid gland	Primary Tumor
TCGA-COAD	NCIT:C66745	Adenocarcinoma with Neuroendocrine Differentiation	pgx:icdom-85743	Adenocarcinoma with neuroendocrine differentiation	pgx:icdot-C18.9	Colon, NOS	Primary Tumor
TCGA-SKCM	NCIT:C66756	Mixed Epithelioid and Spindle Cell Melanoma	pgx:icdom-87703	Mixed epithelioid and spindle cell melanoma	pgx:icdot-C49.2	Connective, Subcutaneous and other soft tissues of lower limb and hip	Primary Tumor
TCGA-UVM	NCIT:C66756	Mixed Epithelioid and Spindle Cell Melanoma	pgx:icdom-87703	Mixed epithelioid and spindle cell melanoma	pgx:icdot-C69.3	Choroid	Primary Tumor
TCGA-UVM	NCIT:C66756	Mixed Epithelioid and Spindle Cell Melanoma	pgx:icdom-87703	Mixed epithelioid and spindle cell melanoma	pgx:icdot-C69.4	Ciliary body	Primary Tumor
TCGA-UVM	NCIT:C66756	Mixed Epithelioid and Spindle Cell Melanoma	pgx:icdom-87703	Mixed epithelioid and spindle cell melanoma	pgx:icdot-C69.8	Overlapping lesion of eye and adnexa	Primary Tumor
TCGA-SARC	NCIT:C66759	Giant Cell Sarcoma	pgx:icdom-88023	Giant cell sarcoma	pgx:icdot-C49.2	Connective, Subcutaneous and other soft tissues of lower limb and hip	Primary Tumor
TCGA-SARC	NCIT:C66759	Giant Cell Sarcoma	pgx:icdom-88023	Giant cell sarcoma	pgx:icdot-C64.9	Kidney, NOS	Primary Tumor
TCGA-CESC	NCIT:C66951	Adenocarcinoma, Endocervical Type	pgx:icdom-83843	Adenocarcinoma, endocervical type	pgx:icdot-C53.0	Endocervix	Primary Tumor
TCGA-CESC	NCIT:C66951	Adenocarcinoma, Endocervical Type	pgx:icdom-83843	Adenocarcinoma, endocervical type	pgx:icdot-C53.9	Cervix uteri	Primary Tumor
TCGA-CESC	NCIT:C66953	Mucinous Adenocarcinoma, Endocervical Type	pgx:icdom-84823	Mucinous adenocarcinoma, endocervical type	pgx:icdot-C53.0	Endocervix	Primary Tumor
TCGA-CESC	NCIT:C66953	Mucinous Adenocarcinoma, Endocervical Type	pgx:icdom-84823	Mucinous adenocarcinoma, endocervical type	pgx:icdot-C53.9	Cervix uteri	Primary Tumor
TCGA-MESO	NCIT:C6747	Desmoplastic Mesothelioma	pgx:icdom-90513	Fibrous mesothelioma, malignant	pgx:icdot-C38.4	Pleura, NOS	Primary Tumor
TCGA-BRCA	NCIT:C6875	Large Cell Neuroendocrine Carcinoma	pgx:icdom-80133	Large cell neuroendocrine carcinoma	pgx:icdot-C50.9	Breast, NOS	Primary Tumor
TCGA-THYM	NCIT:C6885	Thymoma Type AB	pgx:icdom-85821	Thymoma, type AB, NOS	pgx:icdot-C37.9	Thymus	Primary Tumor
TCGA-THYM	NCIT:C6885	Thymoma Type AB	pgx:icdom-85821	Thymoma, type AB, NOS	pgx:icdot-C38.1	Anterior mediastinum	Primary Tumor
TCGA-THYM	NCIT:C6886	Malignant Type AB Thymoma	pgx:icdom-85823	Thymoma, type AB, malignant	pgx:icdot-C37.9	Thymus	Primary Tumor
TCGA-THYM	NCIT:C6886	Malignant Type AB Thymoma	pgx:icdom-85823	Thymoma, type AB, malignant	pgx:icdot-C38.1	Anterior mediastinum	Primary Tumor
TCGA-THYM	NCIT:C6887	Thymoma Type B1	pgx:icdom-85831	Thymoma, type B1, NOS	pgx:icdot-C37.9	Thymus	Primary Tumor
TCGA-THYM	NCIT:C6888	Thymoma Type B2	pgx:icdom-85841	Thymoma, type B2, NOS	pgx:icdot-C37.9	Thymus	Primary Tumor
TCGA-THYM	NCIT:C6888	Thymoma Type B2	pgx:icdom-85841	Thymoma, type B2, NOS	pgx:icdot-C38.1	Anterior mediastinum	Primary Tumor
TCGA-THYM	NCIT:C6889	Malignant Type B2 Thymoma	pgx:icdom-85843	Thymoma, type B2, malignant	pgx:icdot-C37.9	Thymus	Primary Tumor
TCGA-THYM	NCIT:C6889	Malignant Type B2 Thymoma	pgx:icdom-85843	Thymoma, type B2, malignant	pgx:icdot-C38.1	Anterior mediastinum	Primary Tumor
TCGA-THYM	NCIT:C6889	Malignant Type B2 Thymoma	pgx:icdom-85843	Thymoma, type B2, malignant	pgx:icdot-C38.3	Mediastinum, NOS	Primary Tumor
TCGA-LGG	NCIT:C6959	Anaplastic Oligoastrocytoma	pgx:icdom-94513	Oligodendroglioma, anaplastic	pgx:icdot-C71.0	Cerebrum	Primary Tumor
TCGA-LGG	NCIT:C6959	Anaplastic Oligoastrocytoma	pgx:icdom-94513	Oligodendroglioma, anaplastic	pgx:icdot-C71.1	Frontal lobe	Primary Tumor
TCGA-KIRP	NCIT:C6975	Papillary Renal Cell Carcinoma	pgx:icdom-82603	Papillary adenocarcinoma, NOS	pgx:icdot-C64.9	Kidney, NOS	Primary Tumor
TCGA-LUAD	NCIT:C7268	Mucinous Minimally Invasive Lung Adenocarcinoma	pgx:icdom-82533	Bronchiolo-alveolar carcinoma, mucinous	pgx:icdot-C34.1	Upper lobe, lung	Primary Tumor
TCGA-LUAD	NCIT:C7268	Mucinous Minimally Invasive Lung Adenocarcinoma	pgx:icdom-82533	Bronchiolo-alveolar carcinoma, mucinous	pgx:icdot-C34.3	Lower lobe, lung	Primary Tumor
TCGA-LUAD	NCIT:C7269	Non-Mucinous Minimally Invasive Lung Adenocarcinoma	pgx:icdom-82523	Bronchiolo-alveolar carcinoma, non-mucinous	pgx:icdot-C34.1	Upper lobe, lung	Primary Tumor
TCGA-LUAD	NCIT:C7269	Non-Mucinous Minimally Invasive Lung Adenocarcinoma	pgx:icdom-82523	Bronchiolo-alveolar carcinoma, non-mucinous	pgx:icdot-C34.3	Lower lobe, lung	Primary Tumor
TCGA-LUAD	NCIT:C7269	Non-Mucinous Minimally Invasive Lung Adenocarcinoma	pgx:icdom-82523	Bronchiolo-alveolar carcinoma, non-mucinous	pgx:icdot-C34.8	Overlapping lesion of lung	Primary Tumor
TCGA-UCEC	NCIT:C7359	Endometrial adenocarcinoma	pgx:icdom-81403	Adenocarcinoma, NOS	pgx:icdot-C54.1	Endometrium	Primary Tumor
TCGA-MESO	NCIT:C7376	Pleural Malignant Mesothelioma	pgx:icdom-90503	Mesothelioma, malignant	pgx:icdot-C38.4	Pleura, NOS	Primary Tumor
TCGA-BLCA	NCIT:C7383	Bladder Papillary Urothelial Carcinoma	pgx:icdom-81303	Papillary transitional cell carcinoma	pgx:icdot-C67.0	Urinary bladder	Primary Tumor
TCGA-BLCA	NCIT:C7383	Bladder Papillary Urothelial Carcinoma	pgx:icdom-81303	Papillary transitional cell carcinoma	pgx:icdot-C67.2	Lateral wall of bladder	Primary Tumor
TCGA-BLCA	NCIT:C7383	Bladder Papillary Urothelial Carcinoma	pgx:icdom-81303	Papillary transitional cell carcinoma	pgx:icdot-C67.3	Anterior wall of bladder	Primary Tumor
TCGA-BLCA	NCIT:C7383	Bladder Papillary Urothelial Carcinoma	pgx:icdom-81303	Papillary transitional cell carcinoma	pgx:icdot-C67.4	Posterior wall of bladder	Primary Tumor
TCGA-BLCA	NCIT:C7383	Bladder Papillary Urothelial Carcinoma	pgx:icdom-81303	Papillary transitional cell carcinoma	pgx:icdot-C67.9	Bladder, NOS	Primary Tumor
TCGA-THCA	NCIT:C7427	Thyroid Gland Diffuse Sclerosing Papillary Carcinoma	pgx:icdom-83503	Nonencapsulated sclerosing carcinoma	pgx:icdot-C73.9	Thyroid gland	Primary Tumor
TCGA-BRCA	NCIT:C7439	Intraductal Papillary Adenocarcinoma with Invasion	pgx:icdom-85033	Intraductal papillary adenocarcinoma with invasion	pgx:icdot-C50.9	Breast, NOS	Primary Tumor
TCGA-THYM	NCIT:C7569	Thymic Carcinoma	pgx:icdom-85863	Thymic carcinoma, NOS	pgx:icdot-C37.9	Thymus	Primary Tumor
TCGA-THYM	NCIT:C7569	Thymic Carcinoma	pgx:icdom-85863	Thymic carcinoma, NOS	pgx:icdot-C38.1	Anterior mediastinum	Primary Tumor
TCGA-COAD	NCIT:C7966	Colon Mucinous Adenocarcinoma	pgx:icdom-84803	Mucinous adenocarcinoma	pgx:icdot-C18.0	Cecum	Primary Tumor
TCGA-COAD	NCIT:C7966	Colon Mucinous Adenocarcinoma	pgx:icdom-84803	Mucinous adenocarcinoma	pgx:icdot-C18.2	Ascending colon	Primary Tumor
TCGA-COAD	NCIT:C7966	Colon Mucinous Adenocarcinoma	pgx:icdom-84803	Mucinous adenocarcinoma	pgx:icdot-C18.3	Hepatic flexure of colon	Primary Tumor
TCGA-COAD	NCIT:C7966	Colon Mucinous Adenocarcinoma	pgx:icdom-84803	Mucinous adenocarcinoma	pgx:icdot-C18.4	Transverse colon	Primary Tumor
TCGA-COAD	NCIT:C7966	Colon Mucinous Adenocarcinoma	pgx:icdom-84803	Mucinous adenocarcinoma	pgx:icdot-C18.5	Splenic flexure of colon	Primary Tumor
TCGA-COAD	NCIT:C7966	Colon Mucinous Adenocarcinoma	pgx:icdom-84803	Mucinous adenocarcinoma	pgx:icdot-C18.6	Descending colon	Primary Tumor
TCGA-COAD	NCIT:C7966	Colon Mucinous Adenocarcinoma	pgx:icdom-84803	Mucinous adenocarcinoma	pgx:icdot-C18.9	Colon, NOS	Primary Tumor
TCGA-READ	NCIT:C7973	Rectal Mucinous Adenocarcinoma	pgx:icdom-84803	Mucinous adenocarcinoma	pgx:icdot-C20.9	Rectum, NOS	Primary Tumor
TCGA-CHOL	NCIT:C7975	Extrahepatic Bile Duct Adenocarcinoma	pgx:icdom-81603	Cholangiocarcinoma	pgx:icdot-C24.0	Extrahepatic bile duct	Primary Tumor
TCGA-OV	NCIT:C7978	Ovarian Serous Cystadenocarcinoma	pgx:icdom-84413	Serous cystadenocarcinoma, NOS	pgx:icdot-C56.9	Ovary	Primary Tumor
TCGA-MESO	NCIT:C7985	Epithelioid Mesothelioma	pgx:icdom-90523	Epithelioid mesothelioma, malignant	pgx:icdot-C34.9	Lung, NOS	Primary Tumor
TCGA-MESO	NCIT:C7985	Epithelioid Mesothelioma	pgx:icdom-90523	Epithelioid mesothelioma, malignant	pgx:icdot-C38.4	Pleura, NOS	Primary Tumor
TCGA-THYM	NCIT:C7996	Malignant Type B1 Thymoma	pgx:icdom-85833	Thymoma, type B1, malignant	pgx:icdot-C37.9	Thymus	Primary Tumor
TCGA-THYM	NCIT:C7996	Malignant Type B1 Thymoma	pgx:icdom-85833	Thymoma, type B1, malignant	pgx:icdot-C38.1	Anterior mediastinum	Primary Tumor
TCGA-THYM	NCIT:C7997	Thymoma Type B3	pgx:icdom-85853	Thymoma, type B3, malignant	pgx:icdot-C37.9	Thymus	Primary Tumor
TCGA-THYM	NCIT:C7997	Thymoma Type B3	pgx:icdom-85853	Thymoma, type B3, malignant	pgx:icdot-C38.1	Anterior mediastinum	Primary Tumor
TCGA-THYM	NCIT:C7999	Malignant Type A Thymoma	pgx:icdom-85813	Thymoma, type A, malignant	pgx:icdot-C37.9	Thymus	Primary Tumor
TCGA-THYM	NCIT:C7999	Malignant Type A Thymoma	pgx:icdom-85813	Thymoma, type A, malignant	pgx:icdot-C38.1	Anterior mediastinum	Primary Tumor
TCGA-THCA	NCIT:C8054	Thyroid Gland Follicular Carcinoma	pgx:icdom-83303	Follicular adenocarcinoma, NOS	pgx:icdot-C73.9	Thyroid gland	Primary Tumor
TCGA-HNSC	NCIT:C8171	Lower Gingival Squamous Cell Carcinoma	pgx:icdom-80703	Squamous cell carcinoma, NOS	pgx:icdot-C03.1	Lower gum	Primary Tumor
TCGA-HNSC	NCIT:C8181	Oropharyngeal Squamous Cell Carcinoma	pgx:icdom-80703	Squamous cell carcinoma, NOS	pgx:icdot-C10.9	Oropharynx, NOS	Primary Tumor
TCGA-PAAD	NCIT:C8294	Pancreatic Adenocarcinoma	pgx:icdom-81403	Adenocarcinoma, NOS	pgx:icdot-C25.0	Head of pancreas	Primary Tumor
TCGA-PAAD	NCIT:C8294	Pancreatic Adenocarcinoma	pgx:icdom-81403	Adenocarcinoma, NOS	pgx:icdot-C25.1	Body of pancreas	Primary Tumor
TCGA-PAAD	NCIT:C8294	Pancreatic Adenocarcinoma	pgx:icdom-81403	Adenocarcinoma, NOS	pgx:icdot-C25.2	Tail of pancreas	Metastatic
TCGA-PAAD	NCIT:C8294	Pancreatic Adenocarcinoma	pgx:icdom-81403	Adenocarcinoma, NOS	pgx:icdot-C25.8	Overlapping lesion of pancreas	Primary Tumor
TCGA-PAAD	NCIT:C8294	Pancreatic Adenocarcinoma	pgx:icdom-81403	Adenocarcinoma, NOS	pgx:icdot-C25.9	Pancreas, NOS	Primary Tumor
TCGA-OV	NCIT:C8377	Papillary Serous Cystadenocarcinoma	pgx:icdom-84603	Papillary serous cystadenocarcinoma	pgx:icdot-C48.1	Specified parts of peritoneum	Primary Tumor
TCGA-UCEC	NCIT:C8377	Papillary Serous Cystadenocarcinoma	pgx:icdom-84603	Papillary serous cystadenocarcinoma	pgx:icdot-C54.1	Endometrium	Primary Tumor
TCGA-OV	NCIT:C8377	Papillary Serous Cystadenocarcinoma	pgx:icdom-84603	Papillary serous cystadenocarcinoma	pgx:icdot-C56.9	Ovary	Primary Tumor
TCGA-PCPG	NCIT:C8559	Malignant Paraganglioma	pgx:icdom-86803	Paraganglioma, malignant	pgx:icdot-C72.9	Nervous system, NOS	Additional - New Primary
TCGA-PCPG	NCIT:C8559	Malignant Paraganglioma	pgx:icdom-86803	Paraganglioma, malignant	pgx:icdot-C74.9	Adrenal gland, NOS	Primary Tumor
TCGA-SKCM	NCIT:C8711	Non-Cutaneous Melanoma	pgx:icdom-87203	Malignant melanoma, NOS	pgx:icdot-C07.9	Parotid gland	Metastatic
TCGA-SKCM	NCIT:C8711	Non-Cutaneous Melanoma	pgx:icdom-87203	Malignant melanoma, NOS	pgx:icdot-C17.9	Small intestine, NOS	Metastatic
TCGA-SKCM	NCIT:C8711	Non-Cutaneous Melanoma	pgx:icdom-87203	Malignant melanoma, NOS	pgx:icdot-C21.8	Overlapping lesion of rectum, anus and anal canal	Primary Tumor
TCGA-SKCM	NCIT:C8711	Non-Cutaneous Melanoma	pgx:icdom-87203	Malignant melanoma, NOS	pgx:icdot-C30.0	Nasal cavity	Primary Tumor
TCGA-SKCM	NCIT:C8711	Non-Cutaneous Melanoma	pgx:icdom-87203	Malignant melanoma, NOS	pgx:icdot-C34.1	Upper lobe, lung	Metastatic
TCGA-SKCM	NCIT:C8711	Non-Cutaneous Melanoma	pgx:icdom-87203	Malignant melanoma, NOS	pgx:icdot-C34.3	Lower lobe, lung	Metastatic
TCGA-SKCM	NCIT:C8711	Non-Cutaneous Melanoma	pgx:icdom-87203	Malignant melanoma, NOS	pgx:icdot-C34.9	Lung, NOS	Metastatic
TCGA-SKCM	NCIT:C8711	Non-Cutaneous Melanoma	pgx:icdom-87203	Malignant melanoma, NOS	pgx:icdot-C41.0	Bones of skull and face and associated joints	Metastatic
TCGA-SKCM	NCIT:C8711	Non-Cutaneous Melanoma	pgx:icdom-87203	Malignant melanoma, NOS	pgx:icdot-C48.2	Peritoneum, NOS	Metastatic
TCGA-SKCM	NCIT:C8711	Non-Cutaneous Melanoma	pgx:icdom-87203	Malignant melanoma, NOS	pgx:icdot-C49.0	Connective, Subcutaneous and other soft tissues of head, face, and neck	Metastatic
TCGA-SKCM	NCIT:C8711	Non-Cutaneous Melanoma	pgx:icdom-87203	Malignant melanoma, NOS	pgx:icdot-C49.1	Connective, Subcutaneous and other soft tissues of upper limb and shoulder	Metastatic
TCGA-SKCM	NCIT:C8711	Non-Cutaneous Melanoma	pgx:icdom-87203	Malignant melanoma, NOS	pgx:icdot-C49.2	Connective, Subcutaneous and other soft tissues of lower limb and hip	Metastatic
TCGA-SKCM	NCIT:C8711	Non-Cutaneous Melanoma	pgx:icdom-87203	Malignant melanoma, NOS	pgx:icdot-C49.3	Connective, Subcutaneous and other soft tissues of thorax	Metastatic
TCGA-SKCM	NCIT:C8711	Non-Cutaneous Melanoma	pgx:icdom-87203	Malignant melanoma, NOS	pgx:icdot-C49.4	Connective, Subcutaneous and other soft tissues of abdomen	Metastatic
TCGA-SKCM	NCIT:C8711	Non-Cutaneous Melanoma	pgx:icdom-87203	Malignant melanoma, NOS	pgx:icdot-C49.5	Connective, Subcutaneous and other soft tissues of pelvis	Metastatic
TCGA-SKCM	NCIT:C8711	Non-Cutaneous Melanoma	pgx:icdom-87203	Malignant melanoma, NOS	pgx:icdot-C49.6	Connective, Subcutaneous and other soft tissues of trunk, NOS	Metastatic
TCGA-SKCM	NCIT:C8711	Non-Cutaneous Melanoma	pgx:icdom-87203	Malignant melanoma, NOS	pgx:icdot-C49.9	Connective, Subcutaneous and other soft tissues, NOS	Metastatic
TCGA-SKCM	NCIT:C8711	Non-Cutaneous Melanoma	pgx:icdom-87203	Malignant melanoma, NOS	pgx:icdot-C50.9	Breast, NOS	Metastatic
TCGA-SKCM	NCIT:C8711	Non-Cutaneous Melanoma	pgx:icdom-87203	Malignant melanoma, NOS	pgx:icdot-C51.9	Vulva, NOS	Metastatic
TCGA-SKCM	NCIT:C8711	Non-Cutaneous Melanoma	pgx:icdom-87203	Malignant melanoma, NOS	pgx:icdot-C52.9	Vagina, NOS	Metastatic
TCGA-SKCM	NCIT:C8711	Non-Cutaneous Melanoma	pgx:icdom-87203	Malignant melanoma, NOS	pgx:icdot-C54.1	Endometrium	Metastatic
TCGA-UVM	NCIT:C8711	Non-Cutaneous Melanoma	pgx:icdom-87203	Malignant melanoma, NOS	pgx:icdot-C69.3	Choroid	Primary Tumor
TCGA-SKCM	NCIT:C8711	Non-Cutaneous Melanoma	pgx:icdom-87203	Malignant melanoma, NOS	pgx:icdot-C71.1	Frontal lobe	Metastatic
TCGA-SKCM	NCIT:C8711	Non-Cutaneous Melanoma	pgx:icdom-87203	Malignant melanoma, NOS	pgx:icdot-C71.3	Parietal lobe	Metastatic
TCGA-SKCM	NCIT:C8711	Non-Cutaneous Melanoma	pgx:icdom-87203	Malignant melanoma, NOS	pgx:icdot-C71.9	Brain, NOS	Metastatic
TCGA-SKCM	NCIT:C8711	Non-Cutaneous Melanoma	pgx:icdom-87203	Malignant melanoma, NOS	pgx:icdot-C72.0	Spinal cord	Metastatic
TCGA-SKCM	NCIT:C8711	Non-Cutaneous Melanoma	pgx:icdom-87203	Malignant melanoma, NOS	pgx:icdot-C74.9	Adrenal gland, NOS	Metastatic
TCGA-SKCM	NCIT:C8711	Non-Cutaneous Melanoma	pgx:icdom-87203	Malignant melanoma, NOS	pgx:icdot-C76.1	Thorax, NOS	Metastatic
TCGA-SKCM	NCIT:C8711	Non-Cutaneous Melanoma	pgx:icdom-87203	Malignant melanoma, NOS	pgx:icdot-C76.2	Abdomen, NOS	Metastatic
TCGA-SKCM	NCIT:C8711	Non-Cutaneous Melanoma	pgx:icdom-87203	Malignant melanoma, NOS	pgx:icdot-C76.3	Pelvis, NOS	Metastatic
TCGA-SKCM	NCIT:C8711	Non-Cutaneous Melanoma	pgx:icdom-87203	Malignant melanoma, NOS	pgx:icdot-C77.0	Lymph nodes of head, face and neck	Metastatic
TCGA-SKCM	NCIT:C8711	Non-Cutaneous Melanoma	pgx:icdom-87203	Malignant melanoma, NOS	pgx:icdot-C77.2	Intra-abdominal lymph nodes	Metastatic
TCGA-SKCM	NCIT:C8711	Non-Cutaneous Melanoma	pgx:icdom-87203	Malignant melanoma, NOS	pgx:icdot-C77.3	Lymph nodes of axilla or arm	Metastatic
TCGA-SKCM	NCIT:C8711	Non-Cutaneous Melanoma	pgx:icdom-87203	Malignant melanoma, NOS	pgx:icdot-C77.4	Lymph nodes of inguinal region or leg	Metastatic
TCGA-SKCM	NCIT:C8711	Non-Cutaneous Melanoma	pgx:icdom-87203	Malignant melanoma, NOS	pgx:icdot-C77.5	Pelvic lymph nodes	Metastatic
TCGA-SKCM	NCIT:C8711	Non-Cutaneous Melanoma	pgx:icdom-87203	Malignant melanoma, NOS	pgx:icdot-C77.9	Lymph node, NOS	Metastatic
TCGA-DLBC	NCIT:C8851	Diffuse Large B-Cell Lymphoma	pgx:icdom-96803	Malignant lymphoma, large B-cell, diffuse, NOS	pgx:icdot-C08.0	Submandibular gland	Primary Tumor
TCGA-DLBC	NCIT:C8851	Diffuse Large B-Cell Lymphoma	pgx:icdom-96803	Malignant lymphoma, large B-cell, diffuse, NOS	pgx:icdot-C16.9	Stomach, NOS	Primary Tumor
TCGA-DLBC	NCIT:C8851	Diffuse Large B-Cell Lymphoma	pgx:icdom-96803	Malignant lymphoma, large B-cell, diffuse, NOS	pgx:icdot-C17.1	Jejunum	Primary Tumor
TCGA-DLBC	NCIT:C8851	Diffuse Large B-Cell Lymphoma	pgx:icdom-96803	Malignant lymphoma, large B-cell, diffuse, NOS	pgx:icdot-C17.9	Small intestine, NOS	Primary Tumor
TCGA-DLBC	NCIT:C8851	Diffuse Large B-Cell Lymphoma	pgx:icdom-96803	Malignant lymphoma, large B-cell, diffuse, NOS	pgx:icdot-C18.9	Colon, NOS	Primary Tumor
TCGA-DLBC	NCIT:C8851	Diffuse Large B-Cell Lymphoma	pgx:icdom-96803	Malignant lymphoma, large B-cell, diffuse, NOS	pgx:icdot-C38.1	Anterior mediastinum	Primary Tumor
TCGA-DLBC	NCIT:C8851	Diffuse Large B-Cell Lymphoma	pgx:icdom-96803	Malignant lymphoma, large B-cell, diffuse, NOS	pgx:icdot-C41.0	Bones of skull and face and associated joints	Primary Tumor
TCGA-DLBC	NCIT:C8851	Diffuse Large B-Cell Lymphoma	pgx:icdom-96803	Malignant lymphoma, large B-cell, diffuse, NOS	pgx:icdot-C48.1	Specified parts of peritoneum	Primary Tumor
TCGA-DLBC	NCIT:C8851	Diffuse Large B-Cell Lymphoma	pgx:icdom-96803	Malignant lymphoma, large B-cell, diffuse, NOS	pgx:icdot-C49.0	Connective, Subcutaneous and other soft tissues of head, face, and neck	Primary Tumor
TCGA-DLBC	NCIT:C8851	Diffuse Large B-Cell Lymphoma	pgx:icdom-96803	Malignant lymphoma, large B-cell, diffuse, NOS	pgx:icdot-C49.9	Connective, Subcutaneous and other soft tissues, NOS	Primary Tumor
TCGA-DLBC	NCIT:C8851	Diffuse Large B-Cell Lymphoma	pgx:icdom-96803	Malignant lymphoma, large B-cell, diffuse, NOS	pgx:icdot-C50.9	Breast, NOS	Primary Tumor
TCGA-DLBC	NCIT:C8851	Diffuse Large B-Cell Lymphoma	pgx:icdom-96803	Malignant lymphoma, large B-cell, diffuse, NOS	pgx:icdot-C62.9	Testis, NOS	Primary Tumor
TCGA-DLBC	NCIT:C8851	Diffuse Large B-Cell Lymphoma	pgx:icdom-96803	Malignant lymphoma, large B-cell, diffuse, NOS	pgx:icdot-C71.6	Cerebellum, NOS	Primary Tumor
TCGA-DLBC	NCIT:C8851	Diffuse Large B-Cell Lymphoma	pgx:icdom-96803	Malignant lymphoma, large B-cell, diffuse, NOS	pgx:icdot-C71.7	Brain stem	Primary Tumor
TCGA-DLBC	NCIT:C8851	Diffuse Large B-Cell Lymphoma	pgx:icdom-96803	Malignant lymphoma, large B-cell, diffuse, NOS	pgx:icdot-C73.9	Thyroid gland	Primary Tumor
TCGA-DLBC	NCIT:C8851	Diffuse Large B-Cell Lymphoma	pgx:icdom-96803	Malignant lymphoma, large B-cell, diffuse, NOS	pgx:icdot-C77.0	Lymph nodes of head, face and neck	Primary Tumor
TCGA-DLBC	NCIT:C8851	Diffuse Large B-Cell Lymphoma	pgx:icdom-96803	Malignant lymphoma, large B-cell, diffuse, NOS	pgx:icdot-C77.1	Intrathoracic lymph nodes	Primary Tumor
TCGA-DLBC	NCIT:C8851	Diffuse Large B-Cell Lymphoma	pgx:icdom-96803	Malignant lymphoma, large B-cell, diffuse, NOS	pgx:icdot-C77.2	Intra-abdominal lymph nodes	Primary Tumor
TCGA-DLBC	NCIT:C8851	Diffuse Large B-Cell Lymphoma	pgx:icdom-96803	Malignant lymphoma, large B-cell, diffuse, NOS	pgx:icdot-C77.3	Lymph nodes of axilla or arm	Primary Tumor
TCGA-DLBC	NCIT:C8851	Diffuse Large B-Cell Lymphoma	pgx:icdom-96803	Malignant lymphoma, large B-cell, diffuse, NOS	pgx:icdot-C77.4	Lymph nodes of inguinal region or leg	Primary Tumor
TCGA-BLCA	NCIT:C8993	Ureter Carcinoma	pgx:icdom-81203	Transitional cell carcinoma, NOS	pgx:icdot-C67.6	Ureteric orifice	Primary Tumor
TCGA-ACC	NCIT:C9003	Adrenal Cortex Adenoma	pgx:icdom-83701	Adrenal cortical adenoma, borderline malignancy	pgx:icdot-C74.0	Cortex of adrenal gland	Primary Tumor
TCGA-TGCT	NCIT:C9015	Mature Teratoma	pgx:icdom-90800	Teratoma, benign	pgx:icdot-C62.9	Testis, NOS	Additional - New Primary
TCGA-BRCA	NCIT:C9119	Medullary Breast Carcinoma	pgx:icdom-85103	Medullary carcinoma, NOS	pgx:icdot-C50.9	Breast, NOS	Primary Tumor
TCGA-BRCA	NCIT:C9135	Tubular Breast Carcinoma	pgx:icdom-82113	Tubular adenocarcinoma	pgx:icdot-C50.9	Breast, NOS	Primary Tumor
TCGA-SKCM	NCIT:C9151	Lentigo Maligna Melanoma	pgx:icdom-87423	Lentigo maligna melanoma	pgx:icdot-C44.2	External ear	Primary Tumor
TCGA-SKCM	NCIT:C9151	Lentigo Maligna Melanoma	pgx:icdom-87423	Lentigo maligna melanoma	pgx:icdot-C49.2	Connective, Subcutaneous and other soft tissues of lower limb and hip	Metastatic
TCGA-SKCM	NCIT:C9152	Superficial Spreading Melanoma	pgx:icdom-87433	Superficial spreading melanoma	pgx:icdot-C44.5	Skin of trunk	Primary Tumor
TCGA-SKCM	NCIT:C9152	Superficial Spreading Melanoma	pgx:icdom-87433	Superficial spreading melanoma	pgx:icdot-C44.6	Skin of upper limb and shoulder	Primary Tumor
TCGA-SKCM	NCIT:C9152	Superficial Spreading Melanoma	pgx:icdom-87433	Superficial spreading melanoma	pgx:icdot-C49.2	Connective, Subcutaneous and other soft tissues of lower limb and hip	Metastatic
TCGA-SKCM	NCIT:C9152	Superficial Spreading Melanoma	pgx:icdom-87433	Superficial spreading melanoma	pgx:icdot-C77.4	Lymph nodes of inguinal region or leg	Metastatic
TCGA-STAD	NCIT:C9157	Gastric Intestinal Type Adenocarcinoma	pgx:icdom-81443	Adenocarcinoma, intestinal type	pgx:icdot-C16.0	Cardia, NOS	Primary Tumor
TCGA-STAD	NCIT:C9157	Gastric Intestinal Type Adenocarcinoma	pgx:icdom-81443	Adenocarcinoma, intestinal type	pgx:icdot-C16.1	Fundus of stomach	Primary Tumor
TCGA-STAD	NCIT:C9157	Gastric Intestinal Type Adenocarcinoma	pgx:icdom-81443	Adenocarcinoma, intestinal type	pgx:icdot-C16.2	Body of stomach	Primary Tumor
TCGA-STAD	NCIT:C9157	Gastric Intestinal Type Adenocarcinoma	pgx:icdom-81443	Adenocarcinoma, intestinal type	pgx:icdot-C16.3	Gastric antrum	Primary Tumor
TCGA-STAD	NCIT:C9157	Gastric Intestinal Type Adenocarcinoma	pgx:icdom-81443	Adenocarcinoma, intestinal type	pgx:icdot-C16.9	Stomach, NOS	Primary Tumor
TCGA-STAD	NCIT:C9159	Diffuse Gastric Adenocarcinoma	pgx:icdom-81453	Carcinoma, diffuse type	pgx:icdot-C16.0	Cardia, NOS	Primary Tumor
TCGA-STAD	NCIT:C9159	Diffuse Gastric Adenocarcinoma	pgx:icdom-81453	Carcinoma, diffuse type	pgx:icdot-C16.1	Fundus of stomach	Primary Tumor
TCGA-STAD	NCIT:C9159	Diffuse Gastric Adenocarcinoma	pgx:icdom-81453	Carcinoma, diffuse type	pgx:icdot-C16.2	Body of stomach	Primary Tumor
TCGA-STAD	NCIT:C9159	Diffuse Gastric Adenocarcinoma	pgx:icdom-81453	Carcinoma, diffuse type	pgx:icdot-C16.3	Gastric antrum	Primary Tumor
TCGA-STAD	NCIT:C9159	Diffuse Gastric Adenocarcinoma	pgx:icdom-81453	Carcinoma, diffuse type	pgx:icdot-C16.9	Stomach, NOS	Primary Tumor
TCGA-UCS	NCIT:C9180	Uterine Corpus Carcinosarcoma	pgx:icdom-89803	Carcinosarcoma, NOS	pgx:icdot-C54.0	Isthmus uteri	Primary Tumor
TCGA-UCS	NCIT:C9180	Uterine Corpus Carcinosarcoma	pgx:icdom-89803	Carcinosarcoma, NOS	pgx:icdot-C54.1	Endometrium	Primary Tumor
TCGA-UCS	NCIT:C9180	Uterine Corpus Carcinosarcoma	pgx:icdom-89803	Carcinosarcoma, NOS	pgx:icdot-C54.3	Fundus uteri	Primary Tumor
TCGA-UCS	NCIT:C9180	Uterine Corpus Carcinosarcoma	pgx:icdom-89803	Carcinosarcoma, NOS	pgx:icdot-C55.9	Uterus, NOS	Primary Tumor
TCGA-SARC	NCIT:C9182	Desmoid-Type Fibromatosis	pgx:icdom-88211	Aggressive fibromatosis	pgx:icdot-C49.3	Connective, Subcutaneous and other soft tissues of thorax	Primary Tumor
TCGA-SARC	NCIT:C9306	Soft Tissue Sarcoma	pgx:icdom-88003	Sarcoma, NOS	pgx:icdot-C48.0	Retroperitoneum	Primary Tumor
TCGA-TGCT	NCIT:C9309	Seminoma	pgx:icdom-90613	Seminoma, NOS	pgx:icdot-C62.9	Testis, NOS	Additional - New Primary
TCGA-ACC	NCIT:C9325	Adrenal Cortex Carcinoma	pgx:icdom-83703	Adrenal cortical carcinoma	pgx:icdot-C74.0	Cortex of adrenal gland	Primary Tumor
TCGA-READ	NCIT:C9383	Rectal Adenocarcinoma	pgx:icdom-81403	Adenocarcinoma, NOS	pgx:icdot-C20.9	Rectum, NOS	Primary Tumor
TCGA-KIRC	NCIT:C9385	Renal Cell Carcinoma	pgx:icdom-83123	Renal cell carcinoma, NOS	pgx:icdot-C64.9	Kidney, NOS	Primary Tumor
TCGA-LGG	NCIT:C9477	Anaplastic Astrocytoma	pgx:icdom-94013	Astrocytoma, anaplastic	pgx:icdot-C71.0	Cerebrum	Primary Tumor
TCGA-LGG	NCIT:C9477	Anaplastic Astrocytoma	pgx:icdom-94013	Astrocytoma, anaplastic	pgx:icdot-C71.1	Frontal lobe	Primary Tumor
TCGA-LGG	NCIT:C9477	Anaplastic Astrocytoma	pgx:icdom-94013	Astrocytoma, anaplastic	pgx:icdot-C71.2	Temporal lobe	Primary Tumor
TCGA-LGG	NCIT:C9477	Anaplastic Astrocytoma	pgx:icdom-94013	Astrocytoma, anaplastic	pgx:icdot-C71.4	Occipital lobe	Primary Tumor
TCGA-LGG	NCIT:C9477	Anaplastic Astrocytoma	pgx:icdom-94013	Astrocytoma, anaplastic	pgx:icdot-C71.9	Brain, NOS	Primary Tumor
